log_id,game_id,timestamp,category,type,turn,player,phase,card_target,card_source,card_count
1,a054ac1c-88bc-486d-a355-c53ee065e379,2025-04-13T00:31:20.463,game,GAME_START,,,,,,
2,,2025-04-13T00:31:21.226,turn,TURN_START,0,2,,,,
3,,2025-04-13T00:31:21.226,phase,PHASE_START,0,2,start,,,
4,,2025-04-13T00:31:21.227,phase,PHASE_END,0,2,start,,,
5,,2025-04-13T00:31:21.227,phase,PHASE_START,0,2,action,,,
6,,2025-04-13T00:31:21.243,phase,PHASE_END,0,2,action,,,
7,,2025-04-13T00:31:21.244,phase,PHASE_START,0,2,buy,,,
8,,2025-04-13T00:31:21.299,effect,CARD_PLAY,0,2,buy,Copper,,1
9,,2025-04-13T00:31:21.339,effect,CARD_PLAY,0,2,buy,Copper,,1
10,,2025-04-13T00:31:21.339,effect,CARD_PLAY,0,2,buy,Copper,,1
11,,2025-04-13T00:31:21.339,effect,CARD_PLAY,0,2,buy,Copper,,1
12,,2025-04-13T00:31:21.34,effect,CARD_PLAY,0,2,buy,Copper,,1
13,,2025-04-13T00:31:21.479,effect,CARD_BUY,0,2,buy,Laboratory,,1
14,,2025-04-13T00:31:21.521,phase,PHASE_END,0,2,buy,,,
15,,2025-04-13T00:31:21.521,phase,PHASE_START,0,2,cleanup,,,
16,,2025-04-13T00:31:21.522,phase,PHASE_END,0,2,cleanup,,,
17,,2025-04-13T00:31:21.563,turn,TURN_END,0,2,,,,
18,,2025-04-13T00:31:21.563,turn,TURN_START,1,3,,,,
19,,2025-04-13T00:31:21.563,phase,PHASE_START,1,3,start,,,
20,,2025-04-13T00:31:21.564,phase,PHASE_END,1,3,start,,,
21,,2025-04-13T00:31:21.564,phase,PHASE_START,1,3,action,,,
22,,2025-04-13T00:31:21.565,phase,PHASE_END,1,3,action,,,
23,,2025-04-13T00:31:21.565,phase,PHASE_START,1,3,buy,,,
24,,2025-04-13T00:31:21.565,effect,CARD_PLAY,1,3,buy,Copper,,1
25,,2025-04-13T00:31:21.566,effect,CARD_PLAY,1,3,buy,Copper,,1
26,,2025-04-13T00:31:21.566,effect,CARD_PLAY,1,3,buy,Copper,,1
27,,2025-04-13T00:31:21.567,effect,CARD_PLAY,1,3,buy,Copper,,1
28,,2025-04-13T00:31:21.567,effect,CARD_PLAY,1,3,buy,Copper,,1
29,,2025-04-13T00:31:21.568,effect,CARD_BUY,1,3,buy,Laboratory,,1
30,,2025-04-13T00:31:21.568,phase,PHASE_END,1,3,buy,,,
31,,2025-04-13T00:31:21.569,phase,PHASE_START,1,3,cleanup,,,
32,,2025-04-13T00:31:21.569,phase,PHASE_END,1,3,cleanup,,,
33,,2025-04-13T00:31:21.57,turn,TURN_END,1,3,,,,
34,,2025-04-13T00:31:21.571,turn,TURN_START,2,4,,,,
35,,2025-04-13T00:31:21.572,phase,PHASE_START,2,4,start,,,
36,,2025-04-13T00:31:21.572,phase,PHASE_END,2,4,start,,,
37,,2025-04-13T00:31:21.572,phase,PHASE_START,2,4,action,,,
38,,2025-04-13T00:31:21.573,phase,PHASE_END,2,4,action,,,
39,,2025-04-13T00:31:21.574,phase,PHASE_START,2,4,buy,,,
40,,2025-04-13T00:31:21.574,effect,CARD_PLAY,2,4,buy,Copper,,1
41,,2025-04-13T00:31:21.574,effect,CARD_PLAY,2,4,buy,Copper,,1
42,,2025-04-13T00:31:21.575,effect,CARD_PLAY,2,4,buy,Copper,,1
43,,2025-04-13T00:31:21.575,effect,CARD_PLAY,2,4,buy,Copper,,1
44,,2025-04-13T00:31:21.576,effect,CARD_PLAY,2,4,buy,Copper,,1
45,,2025-04-13T00:31:21.576,effect,CARD_BUY,2,4,buy,Laboratory,,1
46,,2025-04-13T00:31:21.577,phase,PHASE_END,2,4,buy,,,
47,,2025-04-13T00:31:21.577,phase,PHASE_START,2,4,cleanup,,,
48,,2025-04-13T00:31:21.578,phase,PHASE_END,2,4,cleanup,,,
49,,2025-04-13T00:31:21.578,turn,TURN_END,2,4,,,,
50,,2025-04-13T00:31:21.579,turn,TURN_START,3,1,,,,
51,,2025-04-13T00:31:21.579,phase,PHASE_START,3,1,start,,,
52,,2025-04-13T00:31:21.58,phase,PHASE_END,3,1,start,,,
53,,2025-04-13T00:31:21.581,phase,PHASE_START,3,1,action,,,
54,,2025-04-13T00:31:21.584,phase,PHASE_END,3,1,action,,,
55,,2025-04-13T00:31:21.584,phase,PHASE_START,3,1,buy,,,
56,,2025-04-13T00:31:21.584,effect,CARD_PLAY,3,1,buy,Copper,,1
57,,2025-04-13T00:31:21.585,effect,CARD_PLAY,3,1,buy,Copper,,1
58,,2025-04-13T00:31:21.585,effect,CARD_PLAY,3,1,buy,Copper,,1
59,,2025-04-13T00:31:21.585,effect,CARD_PLAY,3,1,buy,Copper,,1
60,,2025-04-13T00:31:21.586,effect,CARD_PLAY,3,1,buy,Copper,,1
61,,2025-04-13T00:31:21.586,effect,CARD_BUY,3,1,buy,Laboratory,,1
62,,2025-04-13T00:31:21.587,phase,PHASE_END,3,1,buy,,,
63,,2025-04-13T00:31:21.587,phase,PHASE_START,3,1,cleanup,,,
64,,2025-04-13T00:31:21.588,phase,PHASE_END,3,1,cleanup,,,
65,,2025-04-13T00:31:21.588,turn,TURN_END,3,1,,,,
66,,2025-04-13T00:31:21.589,turn,TURN_START,4,2,,,,
67,,2025-04-13T00:31:21.589,phase,PHASE_START,4,2,start,,,
68,,2025-04-13T00:31:21.589,phase,PHASE_END,4,2,start,,,
69,,2025-04-13T00:31:21.59,phase,PHASE_START,4,2,action,,,
70,,2025-04-13T00:31:21.59,phase,PHASE_END,4,2,action,,,
71,,2025-04-13T00:31:21.591,phase,PHASE_START,4,2,buy,,,
72,,2025-04-13T00:31:21.591,effect,CARD_PLAY,4,2,buy,Copper,,1
73,,2025-04-13T00:31:21.635,effect,CARD_PLAY,4,2,buy,Copper,,1
74,,2025-04-13T00:31:21.639,effect,CARD_BUY,4,2,buy,Copper,,1
75,,2025-04-13T00:31:21.639,phase,PHASE_END,4,2,buy,,,
76,,2025-04-13T00:31:21.639,phase,PHASE_START,4,2,cleanup,,,
77,,2025-04-13T00:31:21.64,phase,PHASE_END,4,2,cleanup,,,
78,,2025-04-13T00:31:21.648,turn,TURN_END,4,2,,,,
79,,2025-04-13T00:31:21.649,turn,TURN_START,5,3,,,,
80,,2025-04-13T00:31:21.649,phase,PHASE_START,5,3,start,,,
81,,2025-04-13T00:31:21.649,phase,PHASE_END,5,3,start,,,
82,,2025-04-13T00:31:21.65,phase,PHASE_START,5,3,action,,,
83,,2025-04-13T00:31:21.651,phase,PHASE_END,5,3,action,,,
84,,2025-04-13T00:31:21.651,phase,PHASE_START,5,3,buy,,,
85,,2025-04-13T00:31:21.652,effect,CARD_PLAY,5,3,buy,Copper,,1
86,,2025-04-13T00:31:21.653,effect,CARD_PLAY,5,3,buy,Copper,,1
87,,2025-04-13T00:31:21.653,effect,CARD_BUY,5,3,buy,Copper,,1
88,,2025-04-13T00:31:21.654,phase,PHASE_END,5,3,buy,,,
89,,2025-04-13T00:31:21.654,phase,PHASE_START,5,3,cleanup,,,
90,,2025-04-13T00:31:21.655,phase,PHASE_END,5,3,cleanup,,,
91,,2025-04-13T00:31:21.655,turn,TURN_END,5,3,,,,
92,,2025-04-13T00:31:21.656,turn,TURN_START,6,4,,,,
93,,2025-04-13T00:31:21.656,phase,PHASE_START,6,4,start,,,
94,,2025-04-13T00:31:21.657,phase,PHASE_END,6,4,start,,,
95,,2025-04-13T00:31:21.657,phase,PHASE_START,6,4,action,,,
96,,2025-04-13T00:31:21.658,phase,PHASE_END,6,4,action,,,
97,,2025-04-13T00:31:21.658,phase,PHASE_START,6,4,buy,,,
98,,2025-04-13T00:31:21.659,effect,CARD_PLAY,6,4,buy,Copper,,1
99,,2025-04-13T00:31:21.659,effect,CARD_PLAY,6,4,buy,Copper,,1
100,,2025-04-13T00:31:21.66,effect,CARD_BUY,6,4,buy,Copper,,1
101,,2025-04-13T00:31:21.66,phase,PHASE_END,6,4,buy,,,
102,,2025-04-13T00:31:21.661,phase,PHASE_START,6,4,cleanup,,,
103,,2025-04-13T00:31:21.661,phase,PHASE_END,6,4,cleanup,,,
104,,2025-04-13T00:31:21.662,turn,TURN_END,6,4,,,,
105,,2025-04-13T00:31:21.663,turn,TURN_START,7,1,,,,
106,,2025-04-13T00:31:21.663,phase,PHASE_START,7,1,start,,,
107,,2025-04-13T00:31:21.664,phase,PHASE_END,7,1,start,,,
108,,2025-04-13T00:31:21.664,phase,PHASE_START,7,1,action,,,
109,,2025-04-13T00:31:21.665,phase,PHASE_END,7,1,action,,,
110,,2025-04-13T00:31:21.665,phase,PHASE_START,7,1,buy,,,
111,,2025-04-13T00:31:21.666,effect,CARD_PLAY,7,1,buy,Copper,,1
112,,2025-04-13T00:31:21.667,effect,CARD_PLAY,7,1,buy,Copper,,1
113,,2025-04-13T00:31:21.667,effect,CARD_BUY,7,1,buy,Copper,,1
114,,2025-04-13T00:31:21.668,phase,PHASE_END,7,1,buy,,,
115,,2025-04-13T00:31:21.668,phase,PHASE_START,7,1,cleanup,,,
116,,2025-04-13T00:31:21.669,phase,PHASE_END,7,1,cleanup,,,
117,,2025-04-13T00:31:21.67,turn,TURN_END,7,1,,,,
118,,2025-04-13T00:31:21.69,turn,TURN_START,8,2,,,,
119,,2025-04-13T00:31:21.691,phase,PHASE_START,8,2,start,,,
120,,2025-04-13T00:31:21.691,phase,PHASE_END,8,2,start,,,
121,,2025-04-13T00:31:21.691,phase,PHASE_START,8,2,action,,,
122,,2025-04-13T00:31:21.692,phase,PHASE_END,8,2,action,,,
123,,2025-04-13T00:31:21.692,phase,PHASE_START,8,2,buy,,,
124,,2025-04-13T00:31:21.693,effect,CARD_PLAY,8,2,buy,Copper,,1
125,,2025-04-13T00:31:21.693,effect,CARD_PLAY,8,2,buy,Copper,,1
126,,2025-04-13T00:31:21.694,effect,CARD_PLAY,8,2,buy,Copper,,1
127,,2025-04-13T00:31:21.694,effect,CARD_BUY,8,2,buy,Copper,,1
128,,2025-04-13T00:31:21.735,phase,PHASE_END,8,2,buy,,,
129,,2025-04-13T00:31:21.735,phase,PHASE_START,8,2,cleanup,,,
130,,2025-04-13T00:31:21.735,phase,PHASE_END,8,2,cleanup,,,
131,,2025-04-13T00:31:21.775,turn,TURN_END,8,2,,,,
132,,2025-04-13T00:31:21.775,turn,TURN_START,9,3,,,,
133,,2025-04-13T00:31:21.775,phase,PHASE_START,9,3,start,,,
134,,2025-04-13T00:31:21.776,phase,PHASE_END,9,3,start,,,
135,,2025-04-13T00:31:21.776,phase,PHASE_START,9,3,action,,,
136,,2025-04-13T00:31:21.823,effect,CARD_PLAY,9,3,action,Laboratory,,1
137,,2025-04-13T00:31:21.823,phase,PHASE_END,9,3,action,,,
138,,2025-04-13T00:31:21.824,phase,PHASE_START,9,3,buy,,,
139,,2025-04-13T00:31:21.824,effect,CARD_PLAY,9,3,buy,Copper,,1
140,,2025-04-13T00:31:21.824,effect,CARD_PLAY,9,3,buy,Copper,,1
141,,2025-04-13T00:31:21.825,effect,CARD_PLAY,9,3,buy,Copper,,1
142,,2025-04-13T00:31:21.825,effect,CARD_PLAY,9,3,buy,Copper,,1
143,,2025-04-13T00:31:21.826,effect,CARD_PLAY,9,3,buy,Copper,,1
144,,2025-04-13T00:31:21.826,effect,CARD_BUY,9,3,buy,Laboratory,,1
145,,2025-04-13T00:31:21.826,phase,PHASE_END,9,3,buy,,,
146,,2025-04-13T00:31:21.827,phase,PHASE_START,9,3,cleanup,,,
147,,2025-04-13T00:31:21.827,phase,PHASE_END,9,3,cleanup,,,
148,,2025-04-13T00:31:21.828,turn,TURN_END,9,3,,,,
149,,2025-04-13T00:31:21.828,turn,TURN_START,10,4,,,,
150,,2025-04-13T00:31:21.831,phase,PHASE_START,10,4,start,,,
151,,2025-04-13T00:31:21.831,phase,PHASE_END,10,4,start,,,
152,,2025-04-13T00:31:21.832,phase,PHASE_START,10,4,action,,,
153,,2025-04-13T00:31:21.832,effect,CARD_PLAY,10,4,action,Laboratory,,1
154,,2025-04-13T00:31:21.832,phase,PHASE_END,10,4,action,,,
155,,2025-04-13T00:31:21.833,phase,PHASE_START,10,4,buy,,,
156,,2025-04-13T00:31:21.833,effect,CARD_PLAY,10,4,buy,Copper,,1
157,,2025-04-13T00:31:21.834,effect,CARD_PLAY,10,4,buy,Copper,,1
158,,2025-04-13T00:31:21.834,effect,CARD_PLAY,10,4,buy,Copper,,1
159,,2025-04-13T00:31:21.835,effect,CARD_PLAY,10,4,buy,Copper,,1
160,,2025-04-13T00:31:21.835,effect,CARD_PLAY,10,4,buy,Copper,,1
161,,2025-04-13T00:31:21.836,effect,CARD_BUY,10,4,buy,Laboratory,,1
162,,2025-04-13T00:31:21.836,phase,PHASE_END,10,4,buy,,,
163,,2025-04-13T00:31:21.837,phase,PHASE_START,10,4,cleanup,,,
164,,2025-04-13T00:31:21.837,phase,PHASE_END,10,4,cleanup,,,
165,,2025-04-13T00:31:21.838,turn,TURN_END,10,4,,,,
166,,2025-04-13T00:31:21.838,turn,TURN_START,11,1,,,,
167,,2025-04-13T00:31:21.839,phase,PHASE_START,11,1,start,,,
168,,2025-04-13T00:31:21.839,phase,PHASE_END,11,1,start,,,
169,,2025-04-13T00:31:21.84,phase,PHASE_START,11,1,action,,,
170,,2025-04-13T00:31:21.84,phase,PHASE_END,11,1,action,,,
171,,2025-04-13T00:31:21.84,phase,PHASE_START,11,1,buy,,,
172,,2025-04-13T00:31:21.842,effect,CARD_PLAY,11,1,buy,Copper,,1
173,,2025-04-13T00:31:21.842,effect,CARD_PLAY,11,1,buy,Copper,,1
174,,2025-04-13T00:31:21.843,effect,CARD_BUY,11,1,buy,Copper,,1
175,,2025-04-13T00:31:21.843,phase,PHASE_END,11,1,buy,,,
176,,2025-04-13T00:31:21.844,phase,PHASE_START,11,1,cleanup,,,
177,,2025-04-13T00:31:21.844,phase,PHASE_END,11,1,cleanup,,,
178,,2025-04-13T00:31:21.845,turn,TURN_END,11,1,,,,
179,,2025-04-13T00:31:21.845,turn,TURN_START,12,2,,,,
180,,2025-04-13T00:31:21.846,phase,PHASE_START,12,2,start,,,
181,,2025-04-13T00:31:21.846,phase,PHASE_END,12,2,start,,,
182,,2025-04-13T00:31:21.848,phase,PHASE_START,12,2,action,,,
183,,2025-04-13T00:31:21.848,effect,CARD_PLAY,12,2,action,Laboratory,,1
184,,2025-04-13T00:31:21.849,phase,PHASE_END,12,2,action,,,
185,,2025-04-13T00:31:21.849,phase,PHASE_START,12,2,buy,,,
186,,2025-04-13T00:31:21.849,effect,CARD_PLAY,12,2,buy,Copper,,1
187,,2025-04-13T00:31:21.85,effect,CARD_PLAY,12,2,buy,Copper,,1
188,,2025-04-13T00:31:21.851,effect,CARD_PLAY,12,2,buy,Copper,,1
189,,2025-04-13T00:31:21.851,effect,CARD_PLAY,12,2,buy,Copper,,1
190,,2025-04-13T00:31:21.852,effect,CARD_PLAY,12,2,buy,Copper,,1
191,,2025-04-13T00:31:21.852,effect,CARD_BUY,12,2,buy,Laboratory,,1
192,,2025-04-13T00:31:21.853,phase,PHASE_END,12,2,buy,,,
193,,2025-04-13T00:31:21.853,phase,PHASE_START,12,2,cleanup,,,
194,,2025-04-13T00:31:21.854,phase,PHASE_END,12,2,cleanup,,,
195,,2025-04-13T00:31:21.854,turn,TURN_END,12,2,,,,
196,,2025-04-13T00:31:21.855,turn,TURN_START,13,3,,,,
197,,2025-04-13T00:31:21.855,phase,PHASE_START,13,3,start,,,
198,,2025-04-13T00:31:21.856,phase,PHASE_END,13,3,start,,,
199,,2025-04-13T00:31:21.856,phase,PHASE_START,13,3,action,,,
200,,2025-04-13T00:31:21.857,phase,PHASE_END,13,3,action,,,
201,,2025-04-13T00:31:21.857,phase,PHASE_START,13,3,buy,,,
202,,2025-04-13T00:31:21.858,effect,CARD_PLAY,13,3,buy,Copper,,1
203,,2025-04-13T00:31:21.858,effect,CARD_PLAY,13,3,buy,Copper,,1
204,,2025-04-13T00:31:21.859,effect,CARD_PLAY,13,3,buy,Copper,,1
205,,2025-04-13T00:31:21.859,effect,CARD_BUY,13,3,buy,Copper,,1
206,,2025-04-13T00:31:21.86,phase,PHASE_END,13,3,buy,,,
207,,2025-04-13T00:31:21.861,phase,PHASE_START,13,3,cleanup,,,
208,,2025-04-13T00:31:21.861,phase,PHASE_END,13,3,cleanup,,,
209,,2025-04-13T00:31:21.862,turn,TURN_END,13,3,,,,
210,,2025-04-13T00:31:21.862,turn,TURN_START,14,4,,,,
211,,2025-04-13T00:31:21.863,phase,PHASE_START,14,4,start,,,
212,,2025-04-13T00:31:21.863,phase,PHASE_END,14,4,start,,,
213,,2025-04-13T00:31:21.864,phase,PHASE_START,14,4,action,,,
214,,2025-04-13T00:31:21.865,phase,PHASE_END,14,4,action,,,
215,,2025-04-13T00:31:21.865,phase,PHASE_START,14,4,buy,,,
216,,2025-04-13T00:31:21.866,effect,CARD_PLAY,14,4,buy,Copper,,1
217,,2025-04-13T00:31:21.866,effect,CARD_PLAY,14,4,buy,Copper,,1
218,,2025-04-13T00:31:21.867,effect,CARD_PLAY,14,4,buy,Copper,,1
219,,2025-04-13T00:31:21.867,effect,CARD_BUY,14,4,buy,Copper,,1
220,,2025-04-13T00:31:21.868,phase,PHASE_END,14,4,buy,,,
221,,2025-04-13T00:31:21.868,phase,PHASE_START,14,4,cleanup,,,
222,,2025-04-13T00:31:21.869,phase,PHASE_END,14,4,cleanup,,,
223,,2025-04-13T00:31:21.869,turn,TURN_END,14,4,,,,
224,,2025-04-13T00:31:21.869,turn,TURN_START,15,1,,,,
225,,2025-04-13T00:31:21.87,phase,PHASE_START,15,1,start,,,
226,,2025-04-13T00:31:21.87,phase,PHASE_END,15,1,start,,,
227,,2025-04-13T00:31:21.871,phase,PHASE_START,15,1,action,,,
228,,2025-04-13T00:31:21.871,effect,CARD_PLAY,15,1,action,Laboratory,,1
229,,2025-04-13T00:31:21.872,phase,PHASE_END,15,1,action,,,
230,,2025-04-13T00:31:21.872,phase,PHASE_START,15,1,buy,,,
231,,2025-04-13T00:31:21.873,effect,CARD_PLAY,15,1,buy,Copper,,1
232,,2025-04-13T00:31:21.873,effect,CARD_PLAY,15,1,buy,Copper,,1
233,,2025-04-13T00:31:21.874,effect,CARD_PLAY,15,1,buy,Copper,,1
234,,2025-04-13T00:31:21.875,effect,CARD_PLAY,15,1,buy,Copper,,1
235,,2025-04-13T00:31:21.875,effect,CARD_PLAY,15,1,buy,Copper,,1
236,,2025-04-13T00:31:21.876,effect,CARD_PLAY,15,1,buy,Copper,,1
237,,2025-04-13T00:31:21.92,effect,CARD_BUY,15,1,buy,Laboratory,,1
238,,2025-04-13T00:31:21.921,phase,PHASE_END,15,1,buy,,,
239,,2025-04-13T00:31:21.921,phase,PHASE_START,15,1,cleanup,,,
240,,2025-04-13T00:31:21.921,phase,PHASE_END,15,1,cleanup,,,
241,,2025-04-13T00:31:21.922,turn,TURN_END,15,1,,,,
242,,2025-04-13T00:31:21.922,turn,TURN_START,16,2,,,,
243,,2025-04-13T00:31:21.923,phase,PHASE_START,16,2,start,,,
244,,2025-04-13T00:31:21.923,phase,PHASE_END,16,2,start,,,
245,,2025-04-13T00:31:21.924,phase,PHASE_START,16,2,action,,,
246,,2025-04-13T00:31:21.927,phase,PHASE_END,16,2,action,,,
247,,2025-04-13T00:31:21.928,phase,PHASE_START,16,2,buy,,,
248,,2025-04-13T00:31:21.928,effect,CARD_PLAY,16,2,buy,Copper,,1
249,,2025-04-13T00:31:21.929,effect,CARD_PLAY,16,2,buy,Copper,,1
250,,2025-04-13T00:31:21.929,effect,CARD_PLAY,16,2,buy,Copper,,1
251,,2025-04-13T00:31:21.929,effect,CARD_PLAY,16,2,buy,Copper,,1
252,,2025-04-13T00:31:21.93,effect,CARD_BUY,16,2,buy,Copper,,1
253,,2025-04-13T00:31:21.93,phase,PHASE_END,16,2,buy,,,
254,,2025-04-13T00:31:21.931,phase,PHASE_START,16,2,cleanup,,,
255,,2025-04-13T00:31:21.931,phase,PHASE_END,16,2,cleanup,,,
256,,2025-04-13T00:31:21.932,turn,TURN_END,16,2,,,,
257,,2025-04-13T00:31:21.932,turn,TURN_START,17,3,,,,
258,,2025-04-13T00:31:21.933,phase,PHASE_START,17,3,start,,,
259,,2025-04-13T00:31:21.933,phase,PHASE_END,17,3,start,,,
260,,2025-04-13T00:31:21.934,phase,PHASE_START,17,3,action,,,
261,,2025-04-13T00:31:21.934,phase,PHASE_END,17,3,action,,,
262,,2025-04-13T00:31:21.935,phase,PHASE_START,17,3,buy,,,
263,,2025-04-13T00:31:21.935,effect,CARD_PLAY,17,3,buy,Copper,,1
264,,2025-04-13T00:31:21.936,effect,CARD_PLAY,17,3,buy,Copper,,1
265,,2025-04-13T00:31:21.936,effect,CARD_PLAY,17,3,buy,Copper,,1
266,,2025-04-13T00:31:21.937,effect,CARD_PLAY,17,3,buy,Copper,,1
267,,2025-04-13T00:31:21.938,effect,CARD_PLAY,17,3,buy,Copper,,1
268,,2025-04-13T00:31:21.938,effect,CARD_BUY,17,3,buy,Laboratory,,1
269,,2025-04-13T00:31:21.939,phase,PHASE_END,17,3,buy,,,
270,,2025-04-13T00:31:21.939,phase,PHASE_START,17,3,cleanup,,,
271,,2025-04-13T00:31:21.94,phase,PHASE_END,17,3,cleanup,,,
272,,2025-04-13T00:31:21.941,turn,TURN_END,17,3,,,,
273,,2025-04-13T00:31:21.941,turn,TURN_START,18,4,,,,
274,,2025-04-13T00:31:21.942,phase,PHASE_START,18,4,start,,,
275,,2025-04-13T00:31:21.942,phase,PHASE_END,18,4,start,,,
276,,2025-04-13T00:31:21.943,phase,PHASE_START,18,4,action,,,
277,,2025-04-13T00:31:21.943,effect,CARD_PLAY,18,4,action,Laboratory,,1
278,,2025-04-13T00:31:21.944,phase,PHASE_END,18,4,action,,,
279,,2025-04-13T00:31:21.944,phase,PHASE_START,18,4,buy,,,
280,,2025-04-13T00:31:21.945,effect,CARD_PLAY,18,4,buy,Copper,,1
281,,2025-04-13T00:31:21.945,effect,CARD_PLAY,18,4,buy,Copper,,1
282,,2025-04-13T00:31:21.946,effect,CARD_PLAY,18,4,buy,Copper,,1
283,,2025-04-13T00:31:21.946,effect,CARD_PLAY,18,4,buy,Copper,,1
284,,2025-04-13T00:31:21.947,effect,CARD_PLAY,18,4,buy,Copper,,1
285,,2025-04-13T00:31:21.947,effect,CARD_PLAY,18,4,buy,Copper,,1
286,,2025-04-13T00:31:21.948,effect,CARD_BUY,18,4,buy,Laboratory,,1
287,,2025-04-13T00:31:21.948,phase,PHASE_END,18,4,buy,,,
288,,2025-04-13T00:31:21.949,phase,PHASE_START,18,4,cleanup,,,
289,,2025-04-13T00:31:21.949,phase,PHASE_END,18,4,cleanup,,,
290,,2025-04-13T00:31:21.949,turn,TURN_END,18,4,,,,
291,,2025-04-13T00:31:21.95,turn,TURN_START,19,1,,,,
292,,2025-04-13T00:31:21.95,phase,PHASE_START,19,1,start,,,
293,,2025-04-13T00:31:21.951,phase,PHASE_END,19,1,start,,,
294,,2025-04-13T00:31:21.952,phase,PHASE_START,19,1,action,,,
295,,2025-04-13T00:31:21.952,effect,CARD_PLAY,19,1,action,Laboratory,,1
296,,2025-04-13T00:31:21.953,phase,PHASE_END,19,1,action,,,
297,,2025-04-13T00:31:21.953,phase,PHASE_START,19,1,buy,,,
298,,2025-04-13T00:31:21.954,effect,CARD_PLAY,19,1,buy,Copper,,1
299,,2025-04-13T00:31:21.954,effect,CARD_PLAY,19,1,buy,Copper,,1
300,,2025-04-13T00:31:21.955,effect,CARD_PLAY,19,1,buy,Copper,,1
301,,2025-04-13T00:31:21.955,effect,CARD_PLAY,19,1,buy,Copper,,1
302,,2025-04-13T00:31:21.956,effect,CARD_PLAY,19,1,buy,Copper,,1
303,,2025-04-13T00:31:21.956,effect,CARD_BUY,19,1,buy,Copper,,1
304,,2025-04-13T00:31:21.957,phase,PHASE_END,19,1,buy,,,
305,,2025-04-13T00:31:21.957,phase,PHASE_START,19,1,cleanup,,,
306,,2025-04-13T00:31:21.958,phase,PHASE_END,19,1,cleanup,,,
307,,2025-04-13T00:31:21.958,turn,TURN_END,19,1,,,,
308,,2025-04-13T00:31:21.959,turn,TURN_START,20,2,,,,
309,,2025-04-13T00:31:21.959,phase,PHASE_START,20,2,start,,,
310,,2025-04-13T00:31:21.961,phase,PHASE_END,20,2,start,,,
311,,2025-04-13T00:31:21.961,phase,PHASE_START,20,2,action,,,
312,,2025-04-13T00:31:21.962,effect,CARD_PLAY,20,2,action,Laboratory,,1
313,,2025-04-13T00:31:21.962,effect,CARD_PLAY,20,2,action,Laboratory,,1
314,,2025-04-13T00:31:21.963,phase,PHASE_END,20,2,action,,,
315,,2025-04-13T00:31:21.963,phase,PHASE_START,20,2,buy,,,
316,,2025-04-13T00:31:21.963,effect,CARD_PLAY,20,2,buy,Copper,,1
317,,2025-04-13T00:31:21.964,effect,CARD_PLAY,20,2,buy,Copper,,1
318,,2025-04-13T00:31:21.964,effect,CARD_PLAY,20,2,buy,Copper,,1
319,,2025-04-13T00:31:21.964,effect,CARD_PLAY,20,2,buy,Copper,,1
320,,2025-04-13T00:31:21.965,effect,CARD_PLAY,20,2,buy,Copper,,1
321,,2025-04-13T00:31:21.965,effect,CARD_BUY,20,2,buy,Copper,,1
322,,2025-04-13T00:31:21.966,phase,PHASE_END,20,2,buy,,,
323,,2025-04-13T00:31:21.966,phase,PHASE_START,20,2,cleanup,,,
324,,2025-04-13T00:31:21.967,phase,PHASE_END,20,2,cleanup,,,
325,,2025-04-13T00:31:21.967,turn,TURN_END,20,2,,,,
326,,2025-04-13T00:31:21.972,turn,TURN_START,21,3,,,,
327,,2025-04-13T00:31:21.972,phase,PHASE_START,21,3,start,,,
328,,2025-04-13T00:31:21.972,phase,PHASE_END,21,3,start,,,
329,,2025-04-13T00:31:21.973,phase,PHASE_START,21,3,action,,,
330,,2025-04-13T00:31:21.973,phase,PHASE_END,21,3,action,,,
331,,2025-04-13T00:31:21.973,phase,PHASE_START,21,3,buy,,,
332,,2025-04-13T00:31:21.974,effect,CARD_PLAY,21,3,buy,Copper,,1
333,,2025-04-13T00:31:21.974,effect,CARD_PLAY,21,3,buy,Copper,,1
334,,2025-04-13T00:31:21.975,effect,CARD_BUY,21,3,buy,Copper,,1
335,,2025-04-13T00:31:21.975,phase,PHASE_END,21,3,buy,,,
336,,2025-04-13T00:31:21.976,phase,PHASE_START,21,3,cleanup,,,
337,,2025-04-13T00:31:21.976,phase,PHASE_END,21,3,cleanup,,,
338,,2025-04-13T00:31:21.977,turn,TURN_END,21,3,,,,
339,,2025-04-13T00:31:21.977,turn,TURN_START,22,4,,,,
340,,2025-04-13T00:31:21.978,phase,PHASE_START,22,4,start,,,
341,,2025-04-13T00:31:21.978,phase,PHASE_END,22,4,start,,,
342,,2025-04-13T00:31:21.981,phase,PHASE_START,22,4,action,,,
343,,2025-04-13T00:31:21.981,effect,CARD_PLAY,22,4,action,Laboratory,,1
344,,2025-04-13T00:31:21.982,phase,PHASE_END,22,4,action,,,
345,,2025-04-13T00:31:21.982,phase,PHASE_START,22,4,buy,,,
346,,2025-04-13T00:31:21.983,effect,CARD_PLAY,22,4,buy,Copper,,1
347,,2025-04-13T00:31:21.983,effect,CARD_PLAY,22,4,buy,Copper,,1
348,,2025-04-13T00:31:21.984,effect,CARD_PLAY,22,4,buy,Copper,,1
349,,2025-04-13T00:31:21.984,effect,CARD_BUY,22,4,buy,Copper,,1
350,,2025-04-13T00:31:21.984,phase,PHASE_END,22,4,buy,,,
351,,2025-04-13T00:31:21.985,phase,PHASE_START,22,4,cleanup,,,
352,,2025-04-13T00:31:21.985,phase,PHASE_END,22,4,cleanup,,,
353,,2025-04-13T00:31:21.986,turn,TURN_END,22,4,,,,
354,,2025-04-13T00:31:21.987,turn,TURN_START,23,1,,,,
355,,2025-04-13T00:31:21.987,phase,PHASE_START,23,1,start,,,
356,,2025-04-13T00:31:21.988,phase,PHASE_END,23,1,start,,,
357,,2025-04-13T00:31:21.988,phase,PHASE_START,23,1,action,,,
358,,2025-04-13T00:31:21.989,phase,PHASE_END,23,1,action,,,
359,,2025-04-13T00:31:21.989,phase,PHASE_START,23,1,buy,,,
360,,2025-04-13T00:31:21.99,effect,CARD_PLAY,23,1,buy,Copper,,1
361,,2025-04-13T00:31:21.991,effect,CARD_PLAY,23,1,buy,Copper,,1
362,,2025-04-13T00:31:21.991,effect,CARD_PLAY,23,1,buy,Copper,,1
363,,2025-04-13T00:31:21.992,effect,CARD_BUY,23,1,buy,Copper,,1
364,,2025-04-13T00:31:21.992,phase,PHASE_END,23,1,buy,,,
365,,2025-04-13T00:31:21.993,phase,PHASE_START,23,1,cleanup,,,
366,,2025-04-13T00:31:21.993,phase,PHASE_END,23,1,cleanup,,,
367,,2025-04-13T00:31:21.994,turn,TURN_END,23,1,,,,
368,,2025-04-13T00:31:21.994,turn,TURN_START,24,2,,,,
369,,2025-04-13T00:31:21.995,phase,PHASE_START,24,2,start,,,
370,,2025-04-13T00:31:21.995,phase,PHASE_END,24,2,start,,,
371,,2025-04-13T00:31:21.996,phase,PHASE_START,24,2,action,,,
372,,2025-04-13T00:31:21.996,effect,CARD_PLAY,24,2,action,Laboratory,,1
373,,2025-04-13T00:31:21.997,phase,PHASE_END,24,2,action,,,
374,,2025-04-13T00:31:21.998,phase,PHASE_START,24,2,buy,,,
375,,2025-04-13T00:31:21.998,effect,CARD_PLAY,24,2,buy,Copper,,1
376,,2025-04-13T00:31:21.999,effect,CARD_PLAY,24,2,buy,Copper,,1
377,,2025-04-13T00:31:21.999,effect,CARD_PLAY,24,2,buy,Copper,,1
378,,2025-04-13T00:31:21.999,effect,CARD_PLAY,24,2,buy,Copper,,1
379,,2025-04-13T00:31:22.0,effect,CARD_PLAY,24,2,buy,Copper,,1
380,,2025-04-13T00:31:22.0,effect,CARD_BUY,24,2,buy,Copper,,1
381,,2025-04-13T00:31:22.001,phase,PHASE_END,24,2,buy,,,
382,,2025-04-13T00:31:22.001,phase,PHASE_START,24,2,cleanup,,,
383,,2025-04-13T00:31:22.002,phase,PHASE_END,24,2,cleanup,,,
384,,2025-04-13T00:31:22.002,turn,TURN_END,24,2,,,,
385,,2025-04-13T00:31:22.003,turn,TURN_START,25,3,,,,
386,,2025-04-13T00:31:22.003,phase,PHASE_START,25,3,start,,,
387,,2025-04-13T00:31:22.004,phase,PHASE_END,25,3,start,,,
388,,2025-04-13T00:31:22.004,phase,PHASE_START,25,3,action,,,
389,,2025-04-13T00:31:22.005,effect,CARD_PLAY,25,3,action,Laboratory,,1
390,,2025-04-13T00:31:22.011,effect,CARD_PLAY,25,3,action,Laboratory,,1
391,,2025-04-13T00:31:22.011,effect,CARD_PLAY,25,3,action,Laboratory,,1
392,,2025-04-13T00:31:22.011,phase,PHASE_END,25,3,action,,,
393,,2025-04-13T00:31:22.012,phase,PHASE_START,25,3,buy,,,
394,,2025-04-13T00:31:22.012,effect,CARD_PLAY,25,3,buy,Copper,,1
395,,2025-04-13T00:31:22.013,effect,CARD_PLAY,25,3,buy,Copper,,1
396,,2025-04-13T00:31:22.013,effect,CARD_PLAY,25,3,buy,Copper,,1
397,,2025-04-13T00:31:22.013,effect,CARD_PLAY,25,3,buy,Copper,,1
398,,2025-04-13T00:31:22.014,effect,CARD_PLAY,25,3,buy,Copper,,1
399,,2025-04-13T00:31:22.014,effect,CARD_PLAY,25,3,buy,Copper,,1
400,,2025-04-13T00:31:22.015,effect,CARD_BUY,25,3,buy,Copper,,1
401,,2025-04-13T00:31:22.016,phase,PHASE_END,25,3,buy,,,
402,,2025-04-13T00:31:22.016,phase,PHASE_START,25,3,cleanup,,,
403,,2025-04-13T00:31:22.017,phase,PHASE_END,25,3,cleanup,,,
404,,2025-04-13T00:31:22.017,turn,TURN_END,25,3,,,,
405,,2025-04-13T00:31:22.018,turn,TURN_START,26,4,,,,
406,,2025-04-13T00:31:22.019,phase,PHASE_START,26,4,start,,,
407,,2025-04-13T00:31:22.019,phase,PHASE_END,26,4,start,,,
408,,2025-04-13T00:31:22.019,phase,PHASE_START,26,4,action,,,
409,,2025-04-13T00:31:22.021,effect,CARD_PLAY,26,4,action,Laboratory,,1
410,,2025-04-13T00:31:22.021,phase,PHASE_END,26,4,action,,,
411,,2025-04-13T00:31:22.022,phase,PHASE_START,26,4,buy,,,
412,,2025-04-13T00:31:22.022,effect,CARD_PLAY,26,4,buy,Copper,,1
413,,2025-04-13T00:31:22.023,effect,CARD_PLAY,26,4,buy,Copper,,1
414,,2025-04-13T00:31:22.023,effect,CARD_PLAY,26,4,buy,Copper,,1
415,,2025-04-13T00:31:22.024,effect,CARD_PLAY,26,4,buy,Copper,,1
416,,2025-04-13T00:31:22.024,effect,CARD_PLAY,26,4,buy,Copper,,1
417,,2025-04-13T00:31:22.025,effect,CARD_BUY,26,4,buy,Copper,,1
418,,2025-04-13T00:31:22.026,phase,PHASE_END,26,4,buy,,,
419,,2025-04-13T00:31:22.026,phase,PHASE_START,26,4,cleanup,,,
420,,2025-04-13T00:31:22.027,phase,PHASE_END,26,4,cleanup,,,
421,,2025-04-13T00:31:22.027,turn,TURN_END,26,4,,,,
422,,2025-04-13T00:31:22.028,turn,TURN_START,27,1,,,,
423,,2025-04-13T00:31:22.028,phase,PHASE_START,27,1,start,,,
424,,2025-04-13T00:31:22.029,phase,PHASE_END,27,1,start,,,
425,,2025-04-13T00:31:22.029,phase,PHASE_START,27,1,action,,,
426,,2025-04-13T00:31:22.029,effect,CARD_PLAY,27,1,action,Laboratory,,1
427,,2025-04-13T00:31:22.03,effect,CARD_PLAY,27,1,action,Laboratory,,1
428,,2025-04-13T00:31:22.03,phase,PHASE_END,27,1,action,,,
429,,2025-04-13T00:31:22.031,phase,PHASE_START,27,1,buy,,,
430,,2025-04-13T00:31:22.032,effect,CARD_PLAY,27,1,buy,Copper,,1
431,,2025-04-13T00:31:22.032,effect,CARD_PLAY,27,1,buy,Copper,,1
432,,2025-04-13T00:31:22.033,effect,CARD_PLAY,27,1,buy,Copper,,1
433,,2025-04-13T00:31:22.033,effect,CARD_PLAY,27,1,buy,Copper,,1
434,,2025-04-13T00:31:22.034,effect,CARD_PLAY,27,1,buy,Copper,,1
435,,2025-04-13T00:31:22.034,effect,CARD_PLAY,27,1,buy,Copper,,1
436,,2025-04-13T00:31:22.035,effect,CARD_BUY,27,1,buy,Copper,,1
437,,2025-04-13T00:31:22.035,phase,PHASE_END,27,1,buy,,,
438,,2025-04-13T00:31:22.038,phase,PHASE_START,27,1,cleanup,,,
439,,2025-04-13T00:31:22.038,phase,PHASE_END,27,1,cleanup,,,
440,,2025-04-13T00:31:22.039,turn,TURN_END,27,1,,,,
441,,2025-04-13T00:31:22.039,turn,TURN_START,28,2,,,,
442,,2025-04-13T00:31:22.039,phase,PHASE_START,28,2,start,,,
443,,2025-04-13T00:31:22.04,phase,PHASE_END,28,2,start,,,
444,,2025-04-13T00:31:22.04,phase,PHASE_START,28,2,action,,,
445,,2025-04-13T00:31:22.04,effect,CARD_PLAY,28,2,action,Laboratory,,1
446,,2025-04-13T00:31:22.041,phase,PHASE_END,28,2,action,,,
447,,2025-04-13T00:31:22.041,phase,PHASE_START,28,2,buy,,,
448,,2025-04-13T00:31:22.042,effect,CARD_PLAY,28,2,buy,Copper,,1
449,,2025-04-13T00:31:22.042,effect,CARD_PLAY,28,2,buy,Copper,,1
450,,2025-04-13T00:31:22.043,effect,CARD_PLAY,28,2,buy,Copper,,1
451,,2025-04-13T00:31:22.043,effect,CARD_PLAY,28,2,buy,Copper,,1
452,,2025-04-13T00:31:22.044,effect,CARD_BUY,28,2,buy,Copper,,1
453,,2025-04-13T00:31:22.045,phase,PHASE_END,28,2,buy,,,
454,,2025-04-13T00:31:22.045,phase,PHASE_START,28,2,cleanup,,,
455,,2025-04-13T00:31:22.046,phase,PHASE_END,28,2,cleanup,,,
456,,2025-04-13T00:31:22.046,turn,TURN_END,28,2,,,,
457,,2025-04-13T00:31:22.047,turn,TURN_START,29,3,,,,
458,,2025-04-13T00:31:22.047,phase,PHASE_START,29,3,start,,,
459,,2025-04-13T00:31:22.048,phase,PHASE_END,29,3,start,,,
460,,2025-04-13T00:31:22.049,phase,PHASE_START,29,3,action,,,
461,,2025-04-13T00:31:22.049,phase,PHASE_END,29,3,action,,,
462,,2025-04-13T00:31:22.05,phase,PHASE_START,29,3,buy,,,
463,,2025-04-13T00:31:22.05,effect,CARD_PLAY,29,3,buy,Copper,,1
464,,2025-04-13T00:31:22.05,effect,CARD_PLAY,29,3,buy,Copper,,1
465,,2025-04-13T00:31:22.051,effect,CARD_PLAY,29,3,buy,Copper,,1
466,,2025-04-13T00:31:22.052,effect,CARD_PLAY,29,3,buy,Copper,,1
467,,2025-04-13T00:31:22.052,effect,CARD_BUY,29,3,buy,Copper,,1
468,,2025-04-13T00:31:22.053,phase,PHASE_END,29,3,buy,,,
469,,2025-04-13T00:31:22.053,phase,PHASE_START,29,3,cleanup,,,
470,,2025-04-13T00:31:22.054,phase,PHASE_END,29,3,cleanup,,,
471,,2025-04-13T00:31:22.054,turn,TURN_END,29,3,,,,
472,,2025-04-13T00:31:22.055,turn,TURN_START,30,4,,,,
473,,2025-04-13T00:31:22.055,phase,PHASE_START,30,4,start,,,
474,,2025-04-13T00:31:22.056,phase,PHASE_END,30,4,start,,,
475,,2025-04-13T00:31:22.056,phase,PHASE_START,30,4,action,,,
476,,2025-04-13T00:31:22.057,phase,PHASE_END,30,4,action,,,
477,,2025-04-13T00:31:22.057,phase,PHASE_START,30,4,buy,,,
478,,2025-04-13T00:31:22.058,effect,CARD_PLAY,30,4,buy,Copper,,1
479,,2025-04-13T00:31:22.058,effect,CARD_PLAY,30,4,buy,Copper,,1
480,,2025-04-13T00:31:22.059,effect,CARD_PLAY,30,4,buy,Copper,,1
481,,2025-04-13T00:31:22.059,effect,CARD_BUY,30,4,buy,Copper,,1
482,,2025-04-13T00:31:22.06,phase,PHASE_END,30,4,buy,,,
483,,2025-04-13T00:31:22.061,phase,PHASE_START,30,4,cleanup,,,
484,,2025-04-13T00:31:22.061,phase,PHASE_END,30,4,cleanup,,,
485,,2025-04-13T00:31:22.062,turn,TURN_END,30,4,,,,
486,,2025-04-13T00:31:22.069,turn,TURN_START,31,1,,,,
487,,2025-04-13T00:31:22.07,phase,PHASE_START,31,1,start,,,
488,,2025-04-13T00:31:22.07,phase,PHASE_END,31,1,start,,,
489,,2025-04-13T00:31:22.07,phase,PHASE_START,31,1,action,,,
490,,2025-04-13T00:31:22.071,phase,PHASE_END,31,1,action,,,
491,,2025-04-13T00:31:22.071,phase,PHASE_START,31,1,buy,,,
492,,2025-04-13T00:31:22.072,effect,CARD_PLAY,31,1,buy,Copper,,1
493,,2025-04-13T00:31:22.072,effect,CARD_PLAY,31,1,buy,Copper,,1
494,,2025-04-13T00:31:22.073,effect,CARD_PLAY,31,1,buy,Copper,,1
495,,2025-04-13T00:31:22.073,effect,CARD_BUY,31,1,buy,Copper,,1
496,,2025-04-13T00:31:22.074,phase,PHASE_END,31,1,buy,,,
497,,2025-04-13T00:31:22.075,phase,PHASE_START,31,1,cleanup,,,
498,,2025-04-13T00:31:22.075,phase,PHASE_END,31,1,cleanup,,,
499,,2025-04-13T00:31:22.076,turn,TURN_END,31,1,,,,
500,,2025-04-13T00:31:22.076,turn,TURN_START,32,2,,,,
501,,2025-04-13T00:31:22.077,phase,PHASE_START,32,2,start,,,
502,,2025-04-13T00:31:22.08,phase,PHASE_END,32,2,start,,,
503,,2025-04-13T00:31:22.081,phase,PHASE_START,32,2,action,,,
504,,2025-04-13T00:31:22.081,effect,CARD_PLAY,32,2,action,Laboratory,,1
505,,2025-04-13T00:31:22.081,phase,PHASE_END,32,2,action,,,
506,,2025-04-13T00:31:22.082,phase,PHASE_START,32,2,buy,,,
507,,2025-04-13T00:31:22.082,effect,CARD_PLAY,32,2,buy,Copper,,1
508,,2025-04-13T00:31:22.083,effect,CARD_PLAY,32,2,buy,Copper,,1
509,,2025-04-13T00:31:22.083,effect,CARD_PLAY,32,2,buy,Copper,,1
510,,2025-04-13T00:31:22.084,effect,CARD_PLAY,32,2,buy,Copper,,1
511,,2025-04-13T00:31:22.084,effect,CARD_PLAY,32,2,buy,Copper,,1
512,,2025-04-13T00:31:22.093,effect,CARD_PLAY,32,2,buy,Copper,,1
513,,2025-04-13T00:31:22.093,effect,CARD_BUY,32,2,buy,Copper,,1
514,,2025-04-13T00:31:22.094,phase,PHASE_END,32,2,buy,,,
515,,2025-04-13T00:31:22.094,phase,PHASE_START,32,2,cleanup,,,
516,,2025-04-13T00:31:22.094,phase,PHASE_END,32,2,cleanup,,,
517,,2025-04-13T00:31:22.095,turn,TURN_END,32,2,,,,
518,,2025-04-13T00:31:22.1,turn,TURN_START,33,3,,,,
519,,2025-04-13T00:31:22.1,phase,PHASE_START,33,3,start,,,
520,,2025-04-13T00:31:22.101,phase,PHASE_END,33,3,start,,,
521,,2025-04-13T00:31:22.101,phase,PHASE_START,33,3,action,,,
522,,2025-04-13T00:31:22.102,effect,CARD_PLAY,33,3,action,Laboratory,,1
523,,2025-04-13T00:31:22.102,phase,PHASE_END,33,3,action,,,
524,,2025-04-13T00:31:22.103,phase,PHASE_START,33,3,buy,,,
525,,2025-04-13T00:31:22.103,effect,CARD_PLAY,33,3,buy,Copper,,1
526,,2025-04-13T00:31:22.103,effect,CARD_PLAY,33,3,buy,Copper,,1
527,,2025-04-13T00:31:22.104,effect,CARD_PLAY,33,3,buy,Copper,,1
528,,2025-04-13T00:31:22.104,effect,CARD_PLAY,33,3,buy,Copper,,1
529,,2025-04-13T00:31:22.105,effect,CARD_BUY,33,3,buy,Copper,,1
530,,2025-04-13T00:31:22.105,phase,PHASE_END,33,3,buy,,,
531,,2025-04-13T00:31:22.106,phase,PHASE_START,33,3,cleanup,,,
532,,2025-04-13T00:31:22.106,phase,PHASE_END,33,3,cleanup,,,
533,,2025-04-13T00:31:22.107,turn,TURN_END,33,3,,,,
534,,2025-04-13T00:31:22.108,turn,TURN_START,34,4,,,,
535,,2025-04-13T00:31:22.109,phase,PHASE_START,34,4,start,,,
536,,2025-04-13T00:31:22.109,phase,PHASE_END,34,4,start,,,
537,,2025-04-13T00:31:22.11,phase,PHASE_START,34,4,action,,,
538,,2025-04-13T00:31:22.111,effect,CARD_PLAY,34,4,action,Laboratory,,1
539,,2025-04-13T00:31:22.111,effect,CARD_PLAY,34,4,action,Laboratory,,1
540,,2025-04-13T00:31:22.112,phase,PHASE_END,34,4,action,,,
541,,2025-04-13T00:31:22.112,phase,PHASE_START,34,4,buy,,,
542,,2025-04-13T00:31:22.113,effect,CARD_PLAY,34,4,buy,Copper,,1
543,,2025-04-13T00:31:22.113,effect,CARD_PLAY,34,4,buy,Copper,,1
544,,2025-04-13T00:31:22.114,effect,CARD_PLAY,34,4,buy,Copper,,1
545,,2025-04-13T00:31:22.114,effect,CARD_PLAY,34,4,buy,Copper,,1
546,,2025-04-13T00:31:22.115,effect,CARD_PLAY,34,4,buy,Copper,,1
547,,2025-04-13T00:31:22.115,effect,CARD_PLAY,34,4,buy,Copper,,1
548,,2025-04-13T00:31:22.116,effect,CARD_PLAY,34,4,buy,Copper,,1
549,,2025-04-13T00:31:22.116,effect,CARD_BUY,34,4,buy,Copper,,1
550,,2025-04-13T00:31:22.117,phase,PHASE_END,34,4,buy,,,
551,,2025-04-13T00:31:22.118,phase,PHASE_START,34,4,cleanup,,,
552,,2025-04-13T00:31:22.118,phase,PHASE_END,34,4,cleanup,,,
553,,2025-04-13T00:31:22.119,turn,TURN_END,34,4,,,,
554,,2025-04-13T00:31:22.119,turn,TURN_START,35,1,,,,
555,,2025-04-13T00:31:22.119,phase,PHASE_START,35,1,start,,,
556,,2025-04-13T00:31:22.12,phase,PHASE_END,35,1,start,,,
557,,2025-04-13T00:31:22.12,phase,PHASE_START,35,1,action,,,
558,,2025-04-13T00:31:22.12,effect,CARD_PLAY,35,1,action,Laboratory,,1
559,,2025-04-13T00:31:22.121,effect,CARD_PLAY,35,1,action,Laboratory,,1
560,,2025-04-13T00:31:22.121,phase,PHASE_END,35,1,action,,,
561,,2025-04-13T00:31:22.122,phase,PHASE_START,35,1,buy,,,
562,,2025-04-13T00:31:22.122,effect,CARD_PLAY,35,1,buy,Copper,,1
563,,2025-04-13T00:31:22.123,effect,CARD_PLAY,35,1,buy,Copper,,1
564,,2025-04-13T00:31:22.123,effect,CARD_PLAY,35,1,buy,Copper,,1
565,,2025-04-13T00:31:22.124,effect,CARD_PLAY,35,1,buy,Copper,,1
566,,2025-04-13T00:31:22.124,effect,CARD_PLAY,35,1,buy,Copper,,1
567,,2025-04-13T00:31:22.125,effect,CARD_PLAY,35,1,buy,Copper,,1
568,,2025-04-13T00:31:22.126,effect,CARD_BUY,35,1,buy,Copper,,1
569,,2025-04-13T00:31:22.126,phase,PHASE_END,35,1,buy,,,
570,,2025-04-13T00:31:22.126,phase,PHASE_START,35,1,cleanup,,,
571,,2025-04-13T00:31:22.127,phase,PHASE_END,35,1,cleanup,,,
572,,2025-04-13T00:31:22.127,turn,TURN_END,35,1,,,,
573,,2025-04-13T00:31:22.128,turn,TURN_START,36,2,,,,
574,,2025-04-13T00:31:22.128,phase,PHASE_START,36,2,start,,,
575,,2025-04-13T00:31:22.129,phase,PHASE_END,36,2,start,,,
576,,2025-04-13T00:31:22.129,phase,PHASE_START,36,2,action,,,
577,,2025-04-13T00:31:22.13,effect,CARD_PLAY,36,2,action,Laboratory,,1
578,,2025-04-13T00:31:22.131,phase,PHASE_END,36,2,action,,,
579,,2025-04-13T00:31:22.131,phase,PHASE_START,36,2,buy,,,
580,,2025-04-13T00:31:22.132,effect,CARD_PLAY,36,2,buy,Copper,,1
581,,2025-04-13T00:31:22.132,effect,CARD_PLAY,36,2,buy,Copper,,1
582,,2025-04-13T00:31:22.133,effect,CARD_PLAY,36,2,buy,Copper,,1
583,,2025-04-13T00:31:22.133,effect,CARD_PLAY,36,2,buy,Copper,,1
584,,2025-04-13T00:31:22.134,effect,CARD_BUY,36,2,buy,Copper,,1
585,,2025-04-13T00:31:22.134,phase,PHASE_END,36,2,buy,,,
586,,2025-04-13T00:31:22.135,phase,PHASE_START,36,2,cleanup,,,
587,,2025-04-13T00:31:22.135,phase,PHASE_END,36,2,cleanup,,,
588,,2025-04-13T00:31:22.136,turn,TURN_END,36,2,,,,
589,,2025-04-13T00:31:22.136,turn,TURN_START,37,3,,,,
590,,2025-04-13T00:31:22.137,phase,PHASE_START,37,3,start,,,
591,,2025-04-13T00:31:22.137,phase,PHASE_END,37,3,start,,,
592,,2025-04-13T00:31:22.138,phase,PHASE_START,37,3,action,,,
593,,2025-04-13T00:31:22.138,effect,CARD_PLAY,37,3,action,Laboratory,,1
594,,2025-04-13T00:31:22.139,effect,CARD_PLAY,37,3,action,Laboratory,,1
595,,2025-04-13T00:31:22.139,phase,PHASE_END,37,3,action,,,
596,,2025-04-13T00:31:22.139,phase,PHASE_START,37,3,buy,,,
597,,2025-04-13T00:31:22.14,effect,CARD_PLAY,37,3,buy,Copper,,1
598,,2025-04-13T00:31:22.14,effect,CARD_PLAY,37,3,buy,Copper,,1
599,,2025-04-13T00:31:22.141,effect,CARD_PLAY,37,3,buy,Copper,,1
600,,2025-04-13T00:31:22.141,effect,CARD_PLAY,37,3,buy,Copper,,1
601,,2025-04-13T00:31:22.142,effect,CARD_PLAY,37,3,buy,Copper,,1
602,,2025-04-13T00:31:22.143,effect,CARD_PLAY,37,3,buy,Copper,,1
603,,2025-04-13T00:31:22.143,effect,CARD_BUY,37,3,buy,Copper,,1
604,,2025-04-13T00:31:22.144,phase,PHASE_END,37,3,buy,,,
605,,2025-04-13T00:31:22.144,phase,PHASE_START,37,3,cleanup,,,
606,,2025-04-13T00:31:22.145,phase,PHASE_END,37,3,cleanup,,,
607,,2025-04-13T00:31:22.145,turn,TURN_END,37,3,,,,
608,,2025-04-13T00:31:22.145,turn,TURN_START,38,4,,,,
609,,2025-04-13T00:31:22.146,phase,PHASE_START,38,4,start,,,
610,,2025-04-13T00:31:22.146,phase,PHASE_END,38,4,start,,,
611,,2025-04-13T00:31:22.147,phase,PHASE_START,38,4,action,,,
612,,2025-04-13T00:31:22.147,effect,CARD_PLAY,38,4,action,Laboratory,,1
613,,2025-04-13T00:31:22.148,phase,PHASE_END,38,4,action,,,
614,,2025-04-13T00:31:22.148,phase,PHASE_START,38,4,buy,,,
615,,2025-04-13T00:31:22.149,effect,CARD_PLAY,38,4,buy,Copper,,1
616,,2025-04-13T00:31:22.149,effect,CARD_PLAY,38,4,buy,Copper,,1
617,,2025-04-13T00:31:22.15,effect,CARD_PLAY,38,4,buy,Copper,,1
618,,2025-04-13T00:31:22.15,effect,CARD_PLAY,38,4,buy,Copper,,1
619,,2025-04-13T00:31:22.152,effect,CARD_BUY,38,4,buy,Copper,,1
620,,2025-04-13T00:31:22.152,phase,PHASE_END,38,4,buy,,,
621,,2025-04-13T00:31:22.153,phase,PHASE_START,38,4,cleanup,,,
622,,2025-04-13T00:31:22.153,phase,PHASE_END,38,4,cleanup,,,
623,,2025-04-13T00:31:22.154,turn,TURN_END,38,4,,,,
624,,2025-04-13T00:31:22.154,turn,TURN_START,39,1,,,,
625,,2025-04-13T00:31:22.155,phase,PHASE_START,39,1,start,,,
626,,2025-04-13T00:31:22.155,phase,PHASE_END,39,1,start,,,
627,,2025-04-13T00:31:22.156,phase,PHASE_START,39,1,action,,,
628,,2025-04-13T00:31:22.156,phase,PHASE_END,39,1,action,,,
629,,2025-04-13T00:31:22.157,phase,PHASE_START,39,1,buy,,,
630,,2025-04-13T00:31:22.157,effect,CARD_PLAY,39,1,buy,Copper,,1
631,,2025-04-13T00:31:22.158,effect,CARD_PLAY,39,1,buy,Copper,,1
632,,2025-04-13T00:31:22.158,effect,CARD_PLAY,39,1,buy,Copper,,1
633,,2025-04-13T00:31:22.159,effect,CARD_PLAY,39,1,buy,Copper,,1
634,,2025-04-13T00:31:22.159,effect,CARD_BUY,39,1,buy,Copper,,1
635,,2025-04-13T00:31:22.159,phase,PHASE_END,39,1,buy,,,
636,,2025-04-13T00:31:22.16,phase,PHASE_START,39,1,cleanup,,,
637,,2025-04-13T00:31:22.16,phase,PHASE_END,39,1,cleanup,,,
638,,2025-04-13T00:31:22.161,turn,TURN_END,39,1,,,,
639,,2025-04-13T00:31:22.161,turn,TURN_START,40,2,,,,
640,,2025-04-13T00:31:22.162,phase,PHASE_START,40,2,start,,,
641,,2025-04-13T00:31:22.162,phase,PHASE_END,40,2,start,,,
642,,2025-04-13T00:31:22.163,phase,PHASE_START,40,2,action,,,
643,,2025-04-13T00:31:22.163,phase,PHASE_END,40,2,action,,,
644,,2025-04-13T00:31:22.163,phase,PHASE_START,40,2,buy,,,
645,,2025-04-13T00:31:22.164,effect,CARD_PLAY,40,2,buy,Copper,,1
646,,2025-04-13T00:31:22.164,effect,CARD_PLAY,40,2,buy,Copper,,1
647,,2025-04-13T00:31:22.165,effect,CARD_PLAY,40,2,buy,Copper,,1
648,,2025-04-13T00:31:22.165,effect,CARD_PLAY,40,2,buy,Copper,,1
649,,2025-04-13T00:31:22.166,effect,CARD_BUY,40,2,buy,Copper,,1
650,,2025-04-13T00:31:22.167,phase,PHASE_END,40,2,buy,,,
651,,2025-04-13T00:31:22.167,phase,PHASE_START,40,2,cleanup,,,
652,,2025-04-13T00:31:22.168,phase,PHASE_END,40,2,cleanup,,,
653,,2025-04-13T00:31:22.168,turn,TURN_END,40,2,,,,
654,,2025-04-13T00:31:22.168,turn,TURN_START,41,3,,,,
655,,2025-04-13T00:31:22.169,phase,PHASE_START,41,3,start,,,
656,,2025-04-13T00:31:22.169,phase,PHASE_END,41,3,start,,,
657,,2025-04-13T00:31:22.17,phase,PHASE_START,41,3,action,,,
658,,2025-04-13T00:31:22.171,effect,CARD_PLAY,41,3,action,Laboratory,,1
659,,2025-04-13T00:31:22.171,effect,CARD_PLAY,41,3,action,Laboratory,,1
660,,2025-04-13T00:31:22.172,phase,PHASE_END,41,3,action,,,
661,,2025-04-13T00:31:22.172,phase,PHASE_START,41,3,buy,,,
662,,2025-04-13T00:31:22.173,effect,CARD_PLAY,41,3,buy,Copper,,1
663,,2025-04-13T00:31:22.173,effect,CARD_PLAY,41,3,buy,Copper,,1
664,,2025-04-13T00:31:22.174,effect,CARD_PLAY,41,3,buy,Copper,,1
665,,2025-04-13T00:31:22.174,effect,CARD_PLAY,41,3,buy,Copper,,1
666,,2025-04-13T00:31:22.175,effect,CARD_PLAY,41,3,buy,Copper,,1
667,,2025-04-13T00:31:22.175,effect,CARD_BUY,41,3,buy,Copper,,1
668,,2025-04-13T00:31:22.176,phase,PHASE_END,41,3,buy,,,
669,,2025-04-13T00:31:22.176,phase,PHASE_START,41,3,cleanup,,,
670,,2025-04-13T00:31:22.177,phase,PHASE_END,41,3,cleanup,,,
671,,2025-04-13T00:31:22.177,turn,TURN_END,41,3,,,,
672,,2025-04-13T00:31:22.178,turn,TURN_START,42,4,,,,
673,,2025-04-13T00:31:22.178,phase,PHASE_START,42,4,start,,,
674,,2025-04-13T00:31:22.179,phase,PHASE_END,42,4,start,,,
675,,2025-04-13T00:31:22.179,phase,PHASE_START,42,4,action,,,
676,,2025-04-13T00:31:22.18,effect,CARD_PLAY,42,4,action,Laboratory,,1
677,,2025-04-13T00:31:22.18,phase,PHASE_END,42,4,action,,,
678,,2025-04-13T00:31:22.18,phase,PHASE_START,42,4,buy,,,
679,,2025-04-13T00:31:22.181,effect,CARD_PLAY,42,4,buy,Copper,,1
680,,2025-04-13T00:31:22.181,effect,CARD_PLAY,42,4,buy,Copper,,1
681,,2025-04-13T00:31:22.182,effect,CARD_PLAY,42,4,buy,Copper,,1
682,,2025-04-13T00:31:22.182,effect,CARD_PLAY,42,4,buy,Copper,,1
683,,2025-04-13T00:31:22.183,effect,CARD_BUY,42,4,buy,Copper,,1
684,,2025-04-13T00:31:22.183,phase,PHASE_END,42,4,buy,,,
685,,2025-04-13T00:31:22.184,phase,PHASE_START,42,4,cleanup,,,
686,,2025-04-13T00:31:22.184,phase,PHASE_END,42,4,cleanup,,,
687,,2025-04-13T00:31:22.185,turn,TURN_END,42,4,,,,
688,,2025-04-13T00:31:22.185,turn,TURN_START,43,1,,,,
689,,2025-04-13T00:31:22.186,phase,PHASE_START,43,1,start,,,
690,,2025-04-13T00:31:22.186,phase,PHASE_END,43,1,start,,,
691,,2025-04-13T00:31:22.187,phase,PHASE_START,43,1,action,,,
692,,2025-04-13T00:31:22.187,phase,PHASE_END,43,1,action,,,
693,,2025-04-13T00:31:22.188,phase,PHASE_START,43,1,buy,,,
694,,2025-04-13T00:31:22.188,effect,CARD_PLAY,43,1,buy,Copper,,1
695,,2025-04-13T00:31:22.189,effect,CARD_PLAY,43,1,buy,Copper,,1
696,,2025-04-13T00:31:22.189,effect,CARD_PLAY,43,1,buy,Copper,,1
697,,2025-04-13T00:31:22.19,effect,CARD_BUY,43,1,buy,Copper,,1
698,,2025-04-13T00:31:22.191,phase,PHASE_END,43,1,buy,,,
699,,2025-04-13T00:31:22.191,phase,PHASE_START,43,1,cleanup,,,
700,,2025-04-13T00:31:22.192,phase,PHASE_END,43,1,cleanup,,,
701,,2025-04-13T00:31:22.192,turn,TURN_END,43,1,,,,
702,,2025-04-13T00:31:22.193,turn,TURN_START,44,2,,,,
703,,2025-04-13T00:31:22.193,phase,PHASE_START,44,2,start,,,
704,,2025-04-13T00:31:22.194,phase,PHASE_END,44,2,start,,,
705,,2025-04-13T00:31:22.194,phase,PHASE_START,44,2,action,,,
706,,2025-04-13T00:31:22.195,phase,PHASE_END,44,2,action,,,
707,,2025-04-13T00:31:22.195,phase,PHASE_START,44,2,buy,,,
708,,2025-04-13T00:31:22.196,effect,CARD_PLAY,44,2,buy,Copper,,1
709,,2025-04-13T00:31:22.196,effect,CARD_PLAY,44,2,buy,Copper,,1
710,,2025-04-13T00:31:22.197,effect,CARD_PLAY,44,2,buy,Copper,,1
711,,2025-04-13T00:31:22.197,effect,CARD_PLAY,44,2,buy,Copper,,1
712,,2025-04-13T00:31:22.198,effect,CARD_BUY,44,2,buy,Copper,,1
713,,2025-04-13T00:31:22.198,phase,PHASE_END,44,2,buy,,,
714,,2025-04-13T00:31:22.199,phase,PHASE_START,44,2,cleanup,,,
715,,2025-04-13T00:31:22.199,phase,PHASE_END,44,2,cleanup,,,
716,,2025-04-13T00:31:22.199,turn,TURN_END,44,2,,,,
717,,2025-04-13T00:31:22.2,turn,TURN_START,45,3,,,,
718,,2025-04-13T00:31:22.2,phase,PHASE_START,45,3,start,,,
719,,2025-04-13T00:31:22.201,phase,PHASE_END,45,3,start,,,
720,,2025-04-13T00:31:22.201,phase,PHASE_START,45,3,action,,,
721,,2025-04-13T00:31:22.202,phase,PHASE_END,45,3,action,,,
722,,2025-04-13T00:31:22.202,phase,PHASE_START,45,3,buy,,,
723,,2025-04-13T00:31:22.203,effect,CARD_PLAY,45,3,buy,Copper,,1
724,,2025-04-13T00:31:22.203,effect,CARD_PLAY,45,3,buy,Copper,,1
725,,2025-04-13T00:31:22.204,effect,CARD_PLAY,45,3,buy,Copper,,1
726,,2025-04-13T00:31:22.204,effect,CARD_PLAY,45,3,buy,Copper,,1
727,,2025-04-13T00:31:22.205,effect,CARD_PLAY,45,3,buy,Copper,,1
728,,2025-04-13T00:31:22.205,effect,CARD_BUY,45,3,buy,Copper,,1
729,,2025-04-13T00:31:22.206,phase,PHASE_END,45,3,buy,,,
730,,2025-04-13T00:31:22.206,phase,PHASE_START,45,3,cleanup,,,
731,,2025-04-13T00:31:22.207,phase,PHASE_END,45,3,cleanup,,,
732,,2025-04-13T00:31:22.207,turn,TURN_END,45,3,,,,
733,,2025-04-13T00:31:22.208,turn,TURN_START,46,4,,,,
734,,2025-04-13T00:31:22.209,phase,PHASE_START,46,4,start,,,
735,,2025-04-13T00:31:22.209,phase,PHASE_END,46,4,start,,,
736,,2025-04-13T00:31:22.21,phase,PHASE_START,46,4,action,,,
737,,2025-04-13T00:31:22.21,effect,CARD_PLAY,46,4,action,Laboratory,,1
738,,2025-04-13T00:31:22.211,phase,PHASE_END,46,4,action,,,
739,,2025-04-13T00:31:22.211,phase,PHASE_START,46,4,buy,,,
740,,2025-04-13T00:31:22.212,effect,CARD_PLAY,46,4,buy,Copper,,1
741,,2025-04-13T00:31:22.212,effect,CARD_PLAY,46,4,buy,Copper,,1
742,,2025-04-13T00:31:22.213,effect,CARD_PLAY,46,4,buy,Copper,,1
743,,2025-04-13T00:31:22.213,effect,CARD_PLAY,46,4,buy,Copper,,1
744,,2025-04-13T00:31:22.214,effect,CARD_PLAY,46,4,buy,Copper,,1
745,,2025-04-13T00:31:22.214,effect,CARD_PLAY,46,4,buy,Copper,,1
746,,2025-04-13T00:31:22.215,effect,CARD_BUY,46,4,buy,Copper,,1
747,,2025-04-13T00:31:22.215,phase,PHASE_END,46,4,buy,,,
748,,2025-04-13T00:31:22.216,phase,PHASE_START,46,4,cleanup,,,
749,,2025-04-13T00:31:22.217,phase,PHASE_END,46,4,cleanup,,,
750,,2025-04-13T00:31:22.217,turn,TURN_END,46,4,,,,
751,,2025-04-13T00:31:22.218,turn,TURN_START,47,1,,,,
752,,2025-04-13T00:31:22.218,phase,PHASE_START,47,1,start,,,
753,,2025-04-13T00:31:22.219,phase,PHASE_END,47,1,start,,,
754,,2025-04-13T00:31:22.219,phase,PHASE_START,47,1,action,,,
755,,2025-04-13T00:31:22.22,effect,CARD_PLAY,47,1,action,Laboratory,,1
756,,2025-04-13T00:31:22.22,phase,PHASE_END,47,1,action,,,
757,,2025-04-13T00:31:22.221,phase,PHASE_START,47,1,buy,,,
758,,2025-04-13T00:31:22.221,effect,CARD_PLAY,47,1,buy,Copper,,1
759,,2025-04-13T00:31:22.221,effect,CARD_PLAY,47,1,buy,Copper,,1
760,,2025-04-13T00:31:22.222,effect,CARD_PLAY,47,1,buy,Copper,,1
761,,2025-04-13T00:31:22.223,effect,CARD_PLAY,47,1,buy,Copper,,1
762,,2025-04-13T00:31:22.223,effect,CARD_PLAY,47,1,buy,Copper,,1
763,,2025-04-13T00:31:22.224,effect,CARD_PLAY,47,1,buy,Copper,,1
764,,2025-04-13T00:31:22.224,effect,CARD_BUY,47,1,buy,Copper,,1
765,,2025-04-13T00:31:22.224,phase,PHASE_END,47,1,buy,,,
766,,2025-04-13T00:31:22.225,phase,PHASE_START,47,1,cleanup,,,
767,,2025-04-13T00:31:22.226,phase,PHASE_END,47,1,cleanup,,,
768,,2025-04-13T00:31:22.227,turn,TURN_END,47,1,,,,
769,,2025-04-13T00:31:22.227,turn,TURN_START,48,2,,,,
770,,2025-04-13T00:31:22.228,phase,PHASE_START,48,2,start,,,
771,,2025-04-13T00:31:22.229,phase,PHASE_END,48,2,start,,,
772,,2025-04-13T00:31:22.229,phase,PHASE_START,48,2,action,,,
773,,2025-04-13T00:31:22.229,effect,CARD_PLAY,48,2,action,Laboratory,,1
774,,2025-04-13T00:31:22.23,phase,PHASE_END,48,2,action,,,
775,,2025-04-13T00:31:22.23,phase,PHASE_START,48,2,buy,,,
776,,2025-04-13T00:31:22.231,effect,CARD_PLAY,48,2,buy,Copper,,1
777,,2025-04-13T00:31:22.231,effect,CARD_PLAY,48,2,buy,Copper,,1
778,,2025-04-13T00:31:22.232,effect,CARD_PLAY,48,2,buy,Copper,,1
779,,2025-04-13T00:31:22.232,effect,CARD_PLAY,48,2,buy,Copper,,1
780,,2025-04-13T00:31:22.233,effect,CARD_PLAY,48,2,buy,Copper,,1
781,,2025-04-13T00:31:22.233,effect,CARD_PLAY,48,2,buy,Copper,,1
782,,2025-04-13T00:31:22.234,effect,CARD_BUY,48,2,buy,Copper,,1
783,,2025-04-13T00:31:22.235,phase,PHASE_END,48,2,buy,,,
784,,2025-04-13T00:31:22.235,phase,PHASE_START,48,2,cleanup,,,
785,,2025-04-13T00:31:22.236,phase,PHASE_END,48,2,cleanup,,,
786,,2025-04-13T00:31:22.236,turn,TURN_END,48,2,,,,
787,,2025-04-13T00:31:22.237,turn,TURN_START,49,3,,,,
788,,2025-04-13T00:31:22.237,phase,PHASE_START,49,3,start,,,
789,,2025-04-13T00:31:22.238,phase,PHASE_END,49,3,start,,,
790,,2025-04-13T00:31:22.238,phase,PHASE_START,49,3,action,,,
791,,2025-04-13T00:31:22.239,effect,CARD_PLAY,49,3,action,Laboratory,,1
792,,2025-04-13T00:31:22.239,phase,PHASE_END,49,3,action,,,
793,,2025-04-13T00:31:22.239,phase,PHASE_START,49,3,buy,,,
794,,2025-04-13T00:31:22.239,effect,CARD_PLAY,49,3,buy,Copper,,1
795,,2025-04-13T00:31:22.24,effect,CARD_PLAY,49,3,buy,Copper,,1
796,,2025-04-13T00:31:22.241,effect,CARD_PLAY,49,3,buy,Copper,,1
797,,2025-04-13T00:31:22.242,effect,CARD_PLAY,49,3,buy,Copper,,1
798,,2025-04-13T00:31:22.242,effect,CARD_PLAY,49,3,buy,Copper,,1
799,,2025-04-13T00:31:22.243,effect,CARD_BUY,49,3,buy,Copper,,1
800,,2025-04-13T00:31:22.244,phase,PHASE_END,49,3,buy,,,
801,,2025-04-13T00:31:22.244,phase,PHASE_START,49,3,cleanup,,,
802,,2025-04-13T00:31:22.245,phase,PHASE_END,49,3,cleanup,,,
803,,2025-04-13T00:31:22.245,turn,TURN_END,49,3,,,,
804,,2025-04-13T00:31:22.245,turn,TURN_START,50,4,,,,
805,,2025-04-13T00:31:22.246,phase,PHASE_START,50,4,start,,,
806,,2025-04-13T00:31:22.247,phase,PHASE_END,50,4,start,,,
807,,2025-04-13T00:31:22.247,phase,PHASE_START,50,4,action,,,
808,,2025-04-13T00:31:22.247,effect,CARD_PLAY,50,4,action,Laboratory,,1
809,,2025-04-13T00:31:22.248,phase,PHASE_END,50,4,action,,,
810,,2025-04-13T00:31:22.249,phase,PHASE_START,50,4,buy,,,
811,,2025-04-13T00:31:22.249,effect,CARD_PLAY,50,4,buy,Copper,,1
812,,2025-04-13T00:31:22.25,effect,CARD_PLAY,50,4,buy,Copper,,1
813,,2025-04-13T00:31:22.25,effect,CARD_PLAY,50,4,buy,Copper,,1
814,,2025-04-13T00:31:22.251,effect,CARD_PLAY,50,4,buy,Copper,,1
815,,2025-04-13T00:31:22.251,effect,CARD_PLAY,50,4,buy,Copper,,1
816,,2025-04-13T00:31:22.252,effect,CARD_BUY,50,4,buy,Copper,,1
817,,2025-04-13T00:31:22.252,phase,PHASE_END,50,4,buy,,,
818,,2025-04-13T00:31:22.253,phase,PHASE_START,50,4,cleanup,,,
819,,2025-04-13T00:31:22.254,phase,PHASE_END,50,4,cleanup,,,
820,,2025-04-13T00:31:22.254,turn,TURN_END,50,4,,,,
821,,2025-04-13T00:31:22.254,turn,TURN_START,51,1,,,,
822,,2025-04-13T00:31:22.255,phase,PHASE_START,51,1,start,,,
823,,2025-04-13T00:31:22.256,phase,PHASE_END,51,1,start,,,
824,,2025-04-13T00:31:22.256,phase,PHASE_START,51,1,action,,,
825,,2025-04-13T00:31:22.257,phase,PHASE_END,51,1,action,,,
826,,2025-04-13T00:31:22.257,phase,PHASE_START,51,1,buy,,,
827,,2025-04-13T00:31:22.258,effect,CARD_PLAY,51,1,buy,Copper,,1
828,,2025-04-13T00:31:22.258,effect,CARD_PLAY,51,1,buy,Copper,,1
829,,2025-04-13T00:31:22.259,effect,CARD_PLAY,51,1,buy,Copper,,1
830,,2025-04-13T00:31:22.259,effect,CARD_PLAY,51,1,buy,Copper,,1
831,,2025-04-13T00:31:22.26,effect,CARD_BUY,51,1,buy,Copper,,1
832,,2025-04-13T00:31:22.26,phase,PHASE_END,51,1,buy,,,
833,,2025-04-13T00:31:22.261,phase,PHASE_START,51,1,cleanup,,,
834,,2025-04-13T00:31:22.261,phase,PHASE_END,51,1,cleanup,,,
835,,2025-04-13T00:31:22.262,turn,TURN_END,51,1,,,,
836,,2025-04-13T00:31:22.262,turn,TURN_START,52,2,,,,
837,,2025-04-13T00:31:22.262,phase,PHASE_START,52,2,start,,,
838,,2025-04-13T00:31:22.263,phase,PHASE_END,52,2,start,,,
839,,2025-04-13T00:31:22.263,phase,PHASE_START,52,2,action,,,
840,,2025-04-13T00:31:22.264,effect,CARD_PLAY,52,2,action,Laboratory,,1
841,,2025-04-13T00:31:22.265,phase,PHASE_END,52,2,action,,,
842,,2025-04-13T00:31:22.265,phase,PHASE_START,52,2,buy,,,
843,,2025-04-13T00:31:22.266,effect,CARD_PLAY,52,2,buy,Copper,,1
844,,2025-04-13T00:31:22.266,effect,CARD_PLAY,52,2,buy,Copper,,1
845,,2025-04-13T00:31:22.267,effect,CARD_PLAY,52,2,buy,Copper,,1
846,,2025-04-13T00:31:22.267,effect,CARD_PLAY,52,2,buy,Copper,,1
847,,2025-04-13T00:31:22.268,effect,CARD_PLAY,52,2,buy,Copper,,1
848,,2025-04-13T00:31:22.268,effect,CARD_BUY,52,2,buy,Copper,,1
849,,2025-04-13T00:31:22.269,phase,PHASE_END,52,2,buy,,,
850,,2025-04-13T00:31:22.269,phase,PHASE_START,52,2,cleanup,,,
851,,2025-04-13T00:31:22.27,phase,PHASE_END,52,2,cleanup,,,
852,,2025-04-13T00:31:22.27,turn,TURN_END,52,2,,,,
853,,2025-04-13T00:31:22.27,turn,TURN_START,53,3,,,,
854,,2025-04-13T00:31:22.271,phase,PHASE_START,53,3,start,,,
855,,2025-04-13T00:31:22.271,phase,PHASE_END,53,3,start,,,
856,,2025-04-13T00:31:22.272,phase,PHASE_START,53,3,action,,,
857,,2025-04-13T00:31:22.272,phase,PHASE_END,53,3,action,,,
858,,2025-04-13T00:31:22.273,phase,PHASE_START,53,3,buy,,,
859,,2025-04-13T00:31:22.273,effect,CARD_PLAY,53,3,buy,Copper,,1
860,,2025-04-13T00:31:22.274,effect,CARD_PLAY,53,3,buy,Copper,,1
861,,2025-04-13T00:31:22.275,effect,CARD_PLAY,53,3,buy,Copper,,1
862,,2025-04-13T00:31:22.275,effect,CARD_PLAY,53,3,buy,Copper,,1
863,,2025-04-13T00:31:22.276,effect,CARD_BUY,53,3,buy,Copper,,1
864,,2025-04-13T00:31:22.276,phase,PHASE_END,53,3,buy,,,
865,,2025-04-13T00:31:22.277,phase,PHASE_START,53,3,cleanup,,,
866,,2025-04-13T00:31:22.277,phase,PHASE_END,53,3,cleanup,,,
867,,2025-04-13T00:31:22.278,turn,TURN_END,53,3,,,,
868,,2025-04-13T00:31:22.278,turn,TURN_START,54,4,,,,
869,,2025-04-13T00:31:22.279,phase,PHASE_START,54,4,start,,,
870,,2025-04-13T00:31:22.279,phase,PHASE_END,54,4,start,,,
871,,2025-04-13T00:31:22.28,phase,PHASE_START,54,4,action,,,
872,,2025-04-13T00:31:22.28,effect,CARD_PLAY,54,4,action,Laboratory,,1
873,,2025-04-13T00:31:22.281,effect,CARD_PLAY,54,4,action,Laboratory,,1
874,,2025-04-13T00:31:22.282,phase,PHASE_END,54,4,action,,,
875,,2025-04-13T00:31:22.282,phase,PHASE_START,54,4,buy,,,
876,,2025-04-13T00:31:22.283,effect,CARD_PLAY,54,4,buy,Copper,,1
877,,2025-04-13T00:31:22.283,effect,CARD_PLAY,54,4,buy,Copper,,1
878,,2025-04-13T00:31:22.284,effect,CARD_PLAY,54,4,buy,Copper,,1
879,,2025-04-13T00:31:22.284,effect,CARD_PLAY,54,4,buy,Copper,,1
880,,2025-04-13T00:31:22.285,effect,CARD_PLAY,54,4,buy,Copper,,1
881,,2025-04-13T00:31:22.285,effect,CARD_PLAY,54,4,buy,Copper,,1
882,,2025-04-13T00:31:22.286,effect,CARD_BUY,54,4,buy,Copper,,1
883,,2025-04-13T00:31:22.286,phase,PHASE_END,54,4,buy,,,
884,,2025-04-13T00:31:22.287,phase,PHASE_START,54,4,cleanup,,,
885,,2025-04-13T00:31:22.287,phase,PHASE_END,54,4,cleanup,,,
886,,2025-04-13T00:31:22.288,turn,TURN_END,54,4,,,,
887,,2025-04-13T00:31:22.288,turn,TURN_START,55,1,,,,
888,,2025-04-13T00:31:22.289,phase,PHASE_START,55,1,start,,,
889,,2025-04-13T00:31:22.289,phase,PHASE_END,55,1,start,,,
890,,2025-04-13T00:31:22.29,phase,PHASE_START,55,1,action,,,
891,,2025-04-13T00:31:22.29,effect,CARD_PLAY,55,1,action,Laboratory,,1
892,,2025-04-13T00:31:22.291,phase,PHASE_END,55,1,action,,,
893,,2025-04-13T00:31:22.292,phase,PHASE_START,55,1,buy,,,
894,,2025-04-13T00:31:22.293,effect,CARD_PLAY,55,1,buy,Copper,,1
895,,2025-04-13T00:31:22.293,effect,CARD_PLAY,55,1,buy,Copper,,1
896,,2025-04-13T00:31:22.294,effect,CARD_PLAY,55,1,buy,Copper,,1
897,,2025-04-13T00:31:22.294,effect,CARD_PLAY,55,1,buy,Copper,,1
898,,2025-04-13T00:31:22.295,effect,CARD_PLAY,55,1,buy,Copper,,1
899,,2025-04-13T00:31:22.295,effect,CARD_BUY,55,1,buy,Copper,,1
900,,2025-04-13T00:31:22.296,phase,PHASE_END,55,1,buy,,,
901,,2025-04-13T00:31:22.296,phase,PHASE_START,55,1,cleanup,,,
902,,2025-04-13T00:31:22.297,phase,PHASE_END,55,1,cleanup,,,
903,,2025-04-13T00:31:22.297,turn,TURN_END,55,1,,,,
904,,2025-04-13T00:31:22.298,turn,TURN_START,56,2,,,,
905,,2025-04-13T00:31:22.299,phase,PHASE_START,56,2,start,,,
906,,2025-04-13T00:31:22.299,phase,PHASE_END,56,2,start,,,
907,,2025-04-13T00:31:22.299,phase,PHASE_START,56,2,action,,,
908,,2025-04-13T00:31:22.3,phase,PHASE_END,56,2,action,,,
909,,2025-04-13T00:31:22.301,phase,PHASE_START,56,2,buy,,,
910,,2025-04-13T00:31:22.301,effect,CARD_PLAY,56,2,buy,Copper,,1
911,,2025-04-13T00:31:22.301,effect,CARD_PLAY,56,2,buy,Copper,,1
912,,2025-04-13T00:31:22.302,effect,CARD_PLAY,56,2,buy,Copper,,1
913,,2025-04-13T00:31:22.303,effect,CARD_PLAY,56,2,buy,Copper,,1
914,,2025-04-13T00:31:22.303,effect,CARD_BUY,56,2,buy,Copper,,1
915,,2025-04-13T00:31:22.304,phase,PHASE_END,56,2,buy,,,
916,,2025-04-13T00:31:22.304,phase,PHASE_START,56,2,cleanup,,,
917,,2025-04-13T00:31:22.305,phase,PHASE_END,56,2,cleanup,,,
918,,2025-04-13T00:31:22.305,turn,TURN_END,56,2,,,,
919,,2025-04-13T00:31:22.306,turn,TURN_START,57,3,,,,
920,,2025-04-13T00:31:22.306,phase,PHASE_START,57,3,start,,,
921,,2025-04-13T00:31:22.306,phase,PHASE_END,57,3,start,,,
922,,2025-04-13T00:31:22.307,phase,PHASE_START,57,3,action,,,
923,,2025-04-13T00:31:22.307,effect,CARD_PLAY,57,3,action,Laboratory,,1
924,,2025-04-13T00:31:22.308,phase,PHASE_END,57,3,action,,,
925,,2025-04-13T00:31:22.308,phase,PHASE_START,57,3,buy,,,
926,,2025-04-13T00:31:22.309,effect,CARD_PLAY,57,3,buy,Copper,,1
927,,2025-04-13T00:31:22.309,effect,CARD_PLAY,57,3,buy,Copper,,1
928,,2025-04-13T00:31:22.309,effect,CARD_PLAY,57,3,buy,Copper,,1
929,,2025-04-13T00:31:22.31,effect,CARD_PLAY,57,3,buy,Copper,,1
930,,2025-04-13T00:31:22.31,effect,CARD_PLAY,57,3,buy,Copper,,1
931,,2025-04-13T00:31:22.312,effect,CARD_BUY,57,3,buy,Copper,,1
932,,2025-04-13T00:31:22.312,phase,PHASE_END,57,3,buy,,,
933,,2025-04-13T00:31:22.313,phase,PHASE_START,57,3,cleanup,,,
934,,2025-04-13T00:31:22.313,phase,PHASE_END,57,3,cleanup,,,
935,,2025-04-13T00:31:22.314,turn,TURN_END,57,3,,,,
936,,2025-04-13T00:31:22.315,turn,TURN_START,58,4,,,,
937,,2025-04-13T00:31:22.315,phase,PHASE_START,58,4,start,,,
938,,2025-04-13T00:31:22.316,phase,PHASE_END,58,4,start,,,
939,,2025-04-13T00:31:22.316,phase,PHASE_START,58,4,action,,,
940,,2025-04-13T00:31:22.317,phase,PHASE_END,58,4,action,,,
941,,2025-04-13T00:31:22.317,phase,PHASE_START,58,4,buy,,,
942,,2025-04-13T00:31:22.318,effect,CARD_PLAY,58,4,buy,Copper,,1
943,,2025-04-13T00:31:22.318,effect,CARD_PLAY,58,4,buy,Copper,,1
944,,2025-04-13T00:31:22.319,effect,CARD_PLAY,58,4,buy,Copper,,1
945,,2025-04-13T00:31:22.319,effect,CARD_PLAY,58,4,buy,Copper,,1
946,,2025-04-13T00:31:22.319,effect,CARD_BUY,58,4,buy,Copper,,1
947,,2025-04-13T00:31:22.32,phase,PHASE_END,58,4,buy,,,
948,,2025-04-13T00:31:22.32,phase,PHASE_START,58,4,cleanup,,,
949,,2025-04-13T00:31:22.321,phase,PHASE_END,58,4,cleanup,,,
950,,2025-04-13T00:31:22.321,turn,TURN_END,58,4,,,,
951,,2025-04-13T00:31:22.323,turn,TURN_START,59,1,,,,
952,,2025-04-13T00:31:22.323,phase,PHASE_START,59,1,start,,,
953,,2025-04-13T00:31:22.323,phase,PHASE_END,59,1,start,,,
954,,2025-04-13T00:31:22.324,phase,PHASE_START,59,1,action,,,
955,,2025-04-13T00:31:22.324,effect,CARD_PLAY,59,1,action,Laboratory,,1
956,,2025-04-13T00:31:22.325,phase,PHASE_END,59,1,action,,,
957,,2025-04-13T00:31:22.325,phase,PHASE_START,59,1,buy,,,
958,,2025-04-13T00:31:22.326,effect,CARD_PLAY,59,1,buy,Copper,,1
959,,2025-04-13T00:31:22.326,effect,CARD_PLAY,59,1,buy,Copper,,1
960,,2025-04-13T00:31:22.327,effect,CARD_PLAY,59,1,buy,Copper,,1
961,,2025-04-13T00:31:22.327,effect,CARD_PLAY,59,1,buy,Copper,,1
962,,2025-04-13T00:31:22.328,effect,CARD_PLAY,59,1,buy,Copper,,1
963,,2025-04-13T00:31:22.328,effect,CARD_BUY,59,1,buy,Copper,,1
964,,2025-04-13T00:31:22.329,phase,PHASE_END,59,1,buy,,,
965,,2025-04-13T00:31:22.33,phase,PHASE_START,59,1,cleanup,,,
966,,2025-04-13T00:31:22.331,phase,PHASE_END,59,1,cleanup,,,
967,,2025-04-13T00:31:22.331,turn,TURN_END,59,1,,,,
968,,2025-04-13T00:31:22.332,turn,TURN_START,60,2,,,,
969,,2025-04-13T00:31:22.332,phase,PHASE_START,60,2,start,,,
970,,2025-04-13T00:31:22.333,phase,PHASE_END,60,2,start,,,
971,,2025-04-13T00:31:22.333,phase,PHASE_START,60,2,action,,,
972,,2025-04-13T00:31:22.334,effect,CARD_PLAY,60,2,action,Laboratory,,1
973,,2025-04-13T00:31:22.334,phase,PHASE_END,60,2,action,,,
974,,2025-04-13T00:31:22.335,phase,PHASE_START,60,2,buy,,,
975,,2025-04-13T00:31:22.335,effect,CARD_PLAY,60,2,buy,Copper,,1
976,,2025-04-13T00:31:22.336,effect,CARD_PLAY,60,2,buy,Copper,,1
977,,2025-04-13T00:31:22.336,effect,CARD_PLAY,60,2,buy,Copper,,1
978,,2025-04-13T00:31:22.337,effect,CARD_PLAY,60,2,buy,Copper,,1
979,,2025-04-13T00:31:22.337,effect,CARD_PLAY,60,2,buy,Copper,,1
980,,2025-04-13T00:31:22.338,effect,CARD_PLAY,60,2,buy,Copper,,1
981,,2025-04-13T00:31:22.338,effect,CARD_BUY,60,2,buy,Copper,,1
982,,2025-04-13T00:31:22.339,phase,PHASE_END,60,2,buy,,,
983,,2025-04-13T00:31:22.339,phase,PHASE_START,60,2,cleanup,,,
984,,2025-04-13T00:31:22.339,phase,PHASE_END,60,2,cleanup,,,
985,,2025-04-13T00:31:22.34,turn,TURN_END,60,2,,,,
986,,2025-04-13T00:31:22.341,turn,TURN_START,61,3,,,,
987,,2025-04-13T00:31:22.341,phase,PHASE_START,61,3,start,,,
988,,2025-04-13T00:31:22.342,phase,PHASE_END,61,3,start,,,
989,,2025-04-13T00:31:22.342,phase,PHASE_START,61,3,action,,,
990,,2025-04-13T00:31:22.343,effect,CARD_PLAY,61,3,action,Laboratory,,1
991,,2025-04-13T00:31:22.343,effect,CARD_PLAY,61,3,action,Laboratory,,1
992,,2025-04-13T00:31:22.344,phase,PHASE_END,61,3,action,,,
993,,2025-04-13T00:31:22.344,phase,PHASE_START,61,3,buy,,,
994,,2025-04-13T00:31:22.345,effect,CARD_PLAY,61,3,buy,Copper,,1
995,,2025-04-13T00:31:22.345,effect,CARD_PLAY,61,3,buy,Copper,,1
996,,2025-04-13T00:31:22.346,effect,CARD_PLAY,61,3,buy,Copper,,1
997,,2025-04-13T00:31:22.346,effect,CARD_PLAY,61,3,buy,Copper,,1
998,,2025-04-13T00:31:22.347,effect,CARD_PLAY,61,3,buy,Copper,,1
999,,2025-04-13T00:31:22.347,effect,CARD_PLAY,61,3,buy,Copper,,1
1000,,2025-04-13T00:31:22.348,effect,CARD_BUY,61,3,buy,Copper,,1
1001,,2025-04-13T00:31:22.348,phase,PHASE_END,61,3,buy,,,
1002,,2025-04-13T00:31:22.349,phase,PHASE_START,61,3,cleanup,,,
1003,,2025-04-13T00:31:22.35,phase,PHASE_END,61,3,cleanup,,,
1004,,2025-04-13T00:31:22.35,turn,TURN_END,61,3,,,,
1005,,2025-04-13T00:31:22.351,turn,TURN_START,62,4,,,,
1006,,2025-04-13T00:31:22.352,phase,PHASE_START,62,4,start,,,
1007,,2025-04-13T00:31:22.352,phase,PHASE_END,62,4,start,,,
1008,,2025-04-13T00:31:22.353,phase,PHASE_START,62,4,action,,,
1009,,2025-04-13T00:31:22.353,phase,PHASE_END,62,4,action,,,
1010,,2025-04-13T00:31:22.354,phase,PHASE_START,62,4,buy,,,
1011,,2025-04-13T00:31:22.354,effect,CARD_PLAY,62,4,buy,Copper,,1
1012,,2025-04-13T00:31:22.355,effect,CARD_PLAY,62,4,buy,Copper,,1
1013,,2025-04-13T00:31:22.355,effect,CARD_PLAY,62,4,buy,Copper,,1
1014,,2025-04-13T00:31:22.356,effect,CARD_PLAY,62,4,buy,Copper,,1
1015,,2025-04-13T00:31:22.356,effect,CARD_PLAY,62,4,buy,Copper,,1
1016,,2025-04-13T00:31:22.357,effect,CARD_BUY,62,4,buy,Copper,,1
1017,,2025-04-13T00:31:22.357,phase,PHASE_END,62,4,buy,,,
1018,,2025-04-13T00:31:22.358,phase,PHASE_START,62,4,cleanup,,,
1019,,2025-04-13T00:31:22.358,phase,PHASE_END,62,4,cleanup,,,
1020,,2025-04-13T00:31:22.359,turn,TURN_END,62,4,,,,
1021,,2025-04-13T00:31:22.359,turn,TURN_START,63,1,,,,
1022,,2025-04-13T00:31:22.359,phase,PHASE_START,63,1,start,,,
1023,,2025-04-13T00:31:22.36,phase,PHASE_END,63,1,start,,,
1024,,2025-04-13T00:31:22.36,phase,PHASE_START,63,1,action,,,
1025,,2025-04-13T00:31:22.361,phase,PHASE_END,63,1,action,,,
1026,,2025-04-13T00:31:22.361,phase,PHASE_START,63,1,buy,,,
1027,,2025-04-13T00:31:22.362,effect,CARD_PLAY,63,1,buy,Copper,,1
1028,,2025-04-13T00:31:22.362,effect,CARD_PLAY,63,1,buy,Copper,,1
1029,,2025-04-13T00:31:22.363,effect,CARD_PLAY,63,1,buy,Copper,,1
1030,,2025-04-13T00:31:22.363,effect,CARD_PLAY,63,1,buy,Copper,,1
1031,,2025-04-13T00:31:22.364,effect,CARD_BUY,63,1,buy,Copper,,1
1032,,2025-04-13T00:31:22.364,phase,PHASE_END,63,1,buy,,,
1033,,2025-04-13T00:31:22.365,phase,PHASE_START,63,1,cleanup,,,
1034,,2025-04-13T00:31:22.366,phase,PHASE_END,63,1,cleanup,,,
1035,,2025-04-13T00:31:22.366,turn,TURN_END,63,1,,,,
1036,,2025-04-13T00:31:22.367,turn,TURN_START,64,2,,,,
1037,,2025-04-13T00:31:22.367,phase,PHASE_START,64,2,start,,,
1038,,2025-04-13T00:31:22.368,phase,PHASE_END,64,2,start,,,
1039,,2025-04-13T00:31:22.368,phase,PHASE_START,64,2,action,,,
1040,,2025-04-13T00:31:22.369,phase,PHASE_END,64,2,action,,,
1041,,2025-04-13T00:31:22.369,phase,PHASE_START,64,2,buy,,,
1042,,2025-04-13T00:31:22.37,effect,CARD_PLAY,64,2,buy,Copper,,1
1043,,2025-04-13T00:31:22.37,effect,CARD_PLAY,64,2,buy,Copper,,1
1044,,2025-04-13T00:31:22.371,effect,CARD_PLAY,64,2,buy,Copper,,1
1045,,2025-04-13T00:31:22.371,effect,CARD_BUY,64,2,buy,Copper,,1
1046,,2025-04-13T00:31:22.372,phase,PHASE_END,64,2,buy,,,
1047,,2025-04-13T00:31:22.372,phase,PHASE_START,64,2,cleanup,,,
1048,,2025-04-13T00:31:22.373,phase,PHASE_END,64,2,cleanup,,,
1049,,2025-04-13T00:31:22.373,turn,TURN_END,64,2,,,,
1050,,2025-04-13T00:31:22.374,turn,TURN_START,65,3,,,,
1051,,2025-04-13T00:31:22.375,phase,PHASE_START,65,3,start,,,
1052,,2025-04-13T00:31:22.375,phase,PHASE_END,65,3,start,,,
1053,,2025-04-13T00:31:22.376,phase,PHASE_START,65,3,action,,,
1054,,2025-04-13T00:31:22.376,phase,PHASE_END,65,3,action,,,
1055,,2025-04-13T00:31:22.377,phase,PHASE_START,65,3,buy,,,
1056,,2025-04-13T00:31:22.377,effect,CARD_PLAY,65,3,buy,Copper,,1
1057,,2025-04-13T00:31:22.378,effect,CARD_PLAY,65,3,buy,Copper,,1
1058,,2025-04-13T00:31:22.379,effect,CARD_PLAY,65,3,buy,Copper,,1
1059,,2025-04-13T00:31:22.379,effect,CARD_PLAY,65,3,buy,Copper,,1
1060,,2025-04-13T00:31:22.379,effect,CARD_BUY,65,3,buy,Copper,,1
1061,,2025-04-13T00:31:22.38,phase,PHASE_END,65,3,buy,,,
1062,,2025-04-13T00:31:22.38,phase,PHASE_START,65,3,cleanup,,,
1063,,2025-04-13T00:31:22.381,phase,PHASE_END,65,3,cleanup,,,
1064,,2025-04-13T00:31:22.381,turn,TURN_END,65,3,,,,
1065,,2025-04-13T00:31:22.382,turn,TURN_START,66,4,,,,
1066,,2025-04-13T00:31:22.382,phase,PHASE_START,66,4,start,,,
1067,,2025-04-13T00:31:22.383,phase,PHASE_END,66,4,start,,,
1068,,2025-04-13T00:31:22.383,phase,PHASE_START,66,4,action,,,
1069,,2025-04-13T00:31:22.384,effect,CARD_PLAY,66,4,action,Laboratory,,1
1070,,2025-04-13T00:31:22.384,phase,PHASE_END,66,4,action,,,
1071,,2025-04-13T00:31:22.385,phase,PHASE_START,66,4,buy,,,
1072,,2025-04-13T00:31:22.385,effect,CARD_PLAY,66,4,buy,Copper,,1
1073,,2025-04-13T00:31:22.386,effect,CARD_PLAY,66,4,buy,Copper,,1
1074,,2025-04-13T00:31:22.387,effect,CARD_PLAY,66,4,buy,Copper,,1
1075,,2025-04-13T00:31:22.387,effect,CARD_PLAY,66,4,buy,Copper,,1
1076,,2025-04-13T00:31:22.387,effect,CARD_BUY,66,4,buy,Copper,,1
1077,,2025-04-13T00:31:22.388,phase,PHASE_END,66,4,buy,,,
1078,,2025-04-13T00:31:22.388,phase,PHASE_START,66,4,cleanup,,,
1079,,2025-04-13T00:31:22.389,phase,PHASE_END,66,4,cleanup,,,
1080,,2025-04-13T00:31:22.389,turn,TURN_END,66,4,,,,
1081,,2025-04-13T00:31:22.39,turn,TURN_START,67,1,,,,
1082,,2025-04-13T00:31:22.39,phase,PHASE_START,67,1,start,,,
1083,,2025-04-13T00:31:22.392,phase,PHASE_END,67,1,start,,,
1084,,2025-04-13T00:31:22.392,phase,PHASE_START,67,1,action,,,
1085,,2025-04-13T00:31:22.393,phase,PHASE_END,67,1,action,,,
1086,,2025-04-13T00:31:22.393,phase,PHASE_START,67,1,buy,,,
1087,,2025-04-13T00:31:22.394,effect,CARD_PLAY,67,1,buy,Copper,,1
1088,,2025-04-13T00:31:22.394,effect,CARD_PLAY,67,1,buy,Copper,,1
1089,,2025-04-13T00:31:22.395,effect,CARD_PLAY,67,1,buy,Copper,,1
1090,,2025-04-13T00:31:22.395,effect,CARD_PLAY,67,1,buy,Copper,,1
1091,,2025-04-13T00:31:22.396,effect,CARD_PLAY,67,1,buy,Copper,,1
1092,,2025-04-13T00:31:22.396,effect,CARD_BUY,67,1,buy,Copper,,1
1093,,2025-04-13T00:31:22.396,phase,PHASE_END,67,1,buy,,,
1094,,2025-04-13T00:31:22.397,phase,PHASE_START,67,1,cleanup,,,
1095,,2025-04-13T00:31:22.397,phase,PHASE_END,67,1,cleanup,,,
1096,,2025-04-13T00:31:22.398,turn,TURN_END,67,1,,,,
1097,,2025-04-13T00:31:22.399,turn,TURN_START,68,2,,,,
1098,,2025-04-13T00:31:22.399,phase,PHASE_START,68,2,start,,,
1099,,2025-04-13T00:31:22.399,phase,PHASE_END,68,2,start,,,
1100,,2025-04-13T00:31:22.4,phase,PHASE_START,68,2,action,,,
1101,,2025-04-13T00:31:22.4,phase,PHASE_END,68,2,action,,,
1102,,2025-04-13T00:31:22.401,phase,PHASE_START,68,2,buy,,,
1103,,2025-04-13T00:31:22.401,effect,CARD_PLAY,68,2,buy,Copper,,1
1104,,2025-04-13T00:31:22.402,effect,CARD_PLAY,68,2,buy,Copper,,1
1105,,2025-04-13T00:31:22.402,effect,CARD_PLAY,68,2,buy,Copper,,1
1106,,2025-04-13T00:31:22.403,effect,CARD_PLAY,68,2,buy,Copper,,1
1107,,2025-04-13T00:31:22.403,effect,CARD_BUY,68,2,buy,Copper,,1
1108,,2025-04-13T00:31:22.404,phase,PHASE_END,68,2,buy,,,
1109,,2025-04-13T00:31:22.404,phase,PHASE_START,68,2,cleanup,,,
1110,,2025-04-13T00:31:22.405,phase,PHASE_END,68,2,cleanup,,,
1111,,2025-04-13T00:31:22.405,turn,TURN_END,68,2,,,,
1112,,2025-04-13T00:31:22.406,turn,TURN_START,69,3,,,,
1113,,2025-04-13T00:31:22.406,phase,PHASE_START,69,3,start,,,
1114,,2025-04-13T00:31:22.407,phase,PHASE_END,69,3,start,,,
1115,,2025-04-13T00:31:22.407,phase,PHASE_START,69,3,action,,,
1116,,2025-04-13T00:31:22.408,phase,PHASE_END,69,3,action,,,
1117,,2025-04-13T00:31:22.408,phase,PHASE_START,69,3,buy,,,
1118,,2025-04-13T00:31:22.409,effect,CARD_PLAY,69,3,buy,Copper,,1
1119,,2025-04-13T00:31:22.409,effect,CARD_PLAY,69,3,buy,Copper,,1
1120,,2025-04-13T00:31:22.41,effect,CARD_PLAY,69,3,buy,Copper,,1
1121,,2025-04-13T00:31:22.41,effect,CARD_PLAY,69,3,buy,Copper,,1
1122,,2025-04-13T00:31:22.41,effect,CARD_BUY,69,3,buy,Copper,,1
1123,,2025-04-13T00:31:22.412,phase,PHASE_END,69,3,buy,,,
1124,,2025-04-13T00:31:22.418,phase,PHASE_START,69,3,cleanup,,,
1125,,2025-04-13T00:31:22.419,phase,PHASE_END,69,3,cleanup,,,
1126,,2025-04-13T00:31:22.419,turn,TURN_END,69,3,,,,
1127,,2025-04-13T00:31:22.419,turn,TURN_START,70,4,,,,
1128,,2025-04-13T00:31:22.419,phase,PHASE_START,70,4,start,,,
1129,,2025-04-13T00:31:22.42,phase,PHASE_END,70,4,start,,,
1130,,2025-04-13T00:31:22.42,phase,PHASE_START,70,4,action,,,
1131,,2025-04-13T00:31:22.421,phase,PHASE_END,70,4,action,,,
1132,,2025-04-13T00:31:22.421,phase,PHASE_START,70,4,buy,,,
1133,,2025-04-13T00:31:22.422,effect,CARD_PLAY,70,4,buy,Copper,,1
1134,,2025-04-13T00:31:22.422,effect,CARD_PLAY,70,4,buy,Copper,,1
1135,,2025-04-13T00:31:22.423,effect,CARD_PLAY,70,4,buy,Copper,,1
1136,,2025-04-13T00:31:22.423,effect,CARD_PLAY,70,4,buy,Copper,,1
1137,,2025-04-13T00:31:22.429,effect,CARD_BUY,70,4,buy,Smithy,,1
1138,,2025-04-13T00:31:22.432,phase,PHASE_END,70,4,buy,,,
1139,,2025-04-13T00:31:22.433,phase,PHASE_START,70,4,cleanup,,,
1140,,2025-04-13T00:31:22.433,phase,PHASE_END,70,4,cleanup,,,
1141,,2025-04-13T00:31:22.433,turn,TURN_END,70,4,,,,
1142,,2025-04-13T00:31:22.434,turn,TURN_START,71,1,,,,
1143,,2025-04-13T00:31:22.434,phase,PHASE_START,71,1,start,,,
1144,,2025-04-13T00:31:22.435,phase,PHASE_END,71,1,start,,,
1145,,2025-04-13T00:31:22.435,phase,PHASE_START,71,1,action,,,
1146,,2025-04-13T00:31:22.436,effect,CARD_PLAY,71,1,action,Laboratory,,1
1147,,2025-04-13T00:31:22.436,effect,CARD_PLAY,71,1,action,Laboratory,,1
1148,,2025-04-13T00:31:22.437,phase,PHASE_END,71,1,action,,,
1149,,2025-04-13T00:31:22.437,phase,PHASE_START,71,1,buy,,,
1150,,2025-04-13T00:31:22.438,effect,CARD_PLAY,71,1,buy,Copper,,1
1151,,2025-04-13T00:31:22.438,effect,CARD_PLAY,71,1,buy,Copper,,1
1152,,2025-04-13T00:31:22.439,effect,CARD_PLAY,71,1,buy,Copper,,1
1153,,2025-04-13T00:31:22.439,effect,CARD_PLAY,71,1,buy,Copper,,1
1154,,2025-04-13T00:31:22.439,effect,CARD_PLAY,71,1,buy,Copper,,1
1155,,2025-04-13T00:31:22.44,effect,CARD_PLAY,71,1,buy,Copper,,1
1156,,2025-04-13T00:31:22.44,effect,CARD_BUY,71,1,buy,Smithy,,1
1157,,2025-04-13T00:31:22.441,phase,PHASE_END,71,1,buy,,,
1158,,2025-04-13T00:31:22.441,phase,PHASE_START,71,1,cleanup,,,
1159,,2025-04-13T00:31:22.442,phase,PHASE_END,71,1,cleanup,,,
1160,,2025-04-13T00:31:22.442,turn,TURN_END,71,1,,,,
1161,,2025-04-13T00:31:22.443,turn,TURN_START,72,2,,,,
1162,,2025-04-13T00:31:22.443,phase,PHASE_START,72,2,start,,,
1163,,2025-04-13T00:31:22.444,phase,PHASE_END,72,2,start,,,
1164,,2025-04-13T00:31:22.444,phase,PHASE_START,72,2,action,,,
1165,,2025-04-13T00:31:22.445,effect,CARD_PLAY,72,2,action,Laboratory,,1
1166,,2025-04-13T00:31:22.445,phase,PHASE_END,72,2,action,,,
1167,,2025-04-13T00:31:22.446,phase,PHASE_START,72,2,buy,,,
1168,,2025-04-13T00:31:22.446,effect,CARD_PLAY,72,2,buy,Copper,,1
1169,,2025-04-13T00:31:22.447,effect,CARD_PLAY,72,2,buy,Copper,,1
1170,,2025-04-13T00:31:22.448,effect,CARD_PLAY,72,2,buy,Copper,,1
1171,,2025-04-13T00:31:22.448,effect,CARD_PLAY,72,2,buy,Copper,,1
1172,,2025-04-13T00:31:22.449,effect,CARD_PLAY,72,2,buy,Copper,,1
1173,,2025-04-13T00:31:22.449,effect,CARD_PLAY,72,2,buy,Copper,,1
1174,,2025-04-13T00:31:22.45,effect,CARD_BUY,72,2,buy,Smithy,,1
1175,,2025-04-13T00:31:22.451,phase,PHASE_END,72,2,buy,,,
1176,,2025-04-13T00:31:22.451,phase,PHASE_START,72,2,cleanup,,,
1177,,2025-04-13T00:31:22.452,phase,PHASE_END,72,2,cleanup,,,
1178,,2025-04-13T00:31:22.452,turn,TURN_END,72,2,,,,
1179,,2025-04-13T00:31:22.453,turn,TURN_START,73,3,,,,
1180,,2025-04-13T00:31:22.453,phase,PHASE_START,73,3,start,,,
1181,,2025-04-13T00:31:22.454,phase,PHASE_END,73,3,start,,,
1182,,2025-04-13T00:31:22.454,phase,PHASE_START,73,3,action,,,
1183,,2025-04-13T00:31:22.455,effect,CARD_PLAY,73,3,action,Laboratory,,1
1184,,2025-04-13T00:31:22.455,phase,PHASE_END,73,3,action,,,
1185,,2025-04-13T00:31:22.456,phase,PHASE_START,73,3,buy,,,
1186,,2025-04-13T00:31:22.457,effect,CARD_PLAY,73,3,buy,Copper,,1
1187,,2025-04-13T00:31:22.457,effect,CARD_PLAY,73,3,buy,Copper,,1
1188,,2025-04-13T00:31:22.458,effect,CARD_PLAY,73,3,buy,Copper,,1
1189,,2025-04-13T00:31:22.458,effect,CARD_PLAY,73,3,buy,Copper,,1
1190,,2025-04-13T00:31:22.458,effect,CARD_PLAY,73,3,buy,Copper,,1
1191,,2025-04-13T00:31:22.459,effect,CARD_PLAY,73,3,buy,Copper,,1
1192,,2025-04-13T00:31:22.459,effect,CARD_BUY,73,3,buy,Smithy,,1
1193,,2025-04-13T00:31:22.459,phase,PHASE_END,73,3,buy,,,
1194,,2025-04-13T00:31:22.46,phase,PHASE_START,73,3,cleanup,,,
1195,,2025-04-13T00:31:22.46,phase,PHASE_END,73,3,cleanup,,,
1196,,2025-04-13T00:31:22.461,turn,TURN_END,73,3,,,,
1197,,2025-04-13T00:31:22.461,turn,TURN_START,74,4,,,,
1198,,2025-04-13T00:31:22.462,phase,PHASE_START,74,4,start,,,
1199,,2025-04-13T00:31:22.462,phase,PHASE_END,74,4,start,,,
1200,,2025-04-13T00:31:22.463,phase,PHASE_START,74,4,action,,,
1201,,2025-04-13T00:31:22.463,phase,PHASE_END,74,4,action,,,
1202,,2025-04-13T00:31:22.464,phase,PHASE_START,74,4,buy,,,
1203,,2025-04-13T00:31:22.464,effect,CARD_PLAY,74,4,buy,Copper,,1
1204,,2025-04-13T00:31:22.465,effect,CARD_PLAY,74,4,buy,Copper,,1
1205,,2025-04-13T00:31:22.465,effect,CARD_PLAY,74,4,buy,Copper,,1
1206,,2025-04-13T00:31:22.466,effect,CARD_PLAY,74,4,buy,Copper,,1
1207,,2025-04-13T00:31:22.466,effect,CARD_PLAY,74,4,buy,Copper,,1
1208,,2025-04-13T00:31:22.467,effect,CARD_BUY,74,4,buy,Smithy,,1
1209,,2025-04-13T00:31:22.468,phase,PHASE_END,74,4,buy,,,
1210,,2025-04-13T00:31:22.468,phase,PHASE_START,74,4,cleanup,,,
1211,,2025-04-13T00:31:22.468,phase,PHASE_END,74,4,cleanup,,,
1212,,2025-04-13T00:31:22.469,turn,TURN_END,74,4,,,,
1213,,2025-04-13T00:31:22.469,turn,TURN_START,75,1,,,,
1214,,2025-04-13T00:31:22.47,phase,PHASE_START,75,1,start,,,
1215,,2025-04-13T00:31:22.471,phase,PHASE_END,75,1,start,,,
1216,,2025-04-13T00:31:22.471,phase,PHASE_START,75,1,action,,,
1217,,2025-04-13T00:31:22.472,phase,PHASE_END,75,1,action,,,
1218,,2025-04-13T00:31:22.472,phase,PHASE_START,75,1,buy,,,
1219,,2025-04-13T00:31:22.473,effect,CARD_PLAY,75,1,buy,Copper,,1
1220,,2025-04-13T00:31:22.473,effect,CARD_PLAY,75,1,buy,Copper,,1
1221,,2025-04-13T00:31:22.473,effect,CARD_PLAY,75,1,buy,Copper,,1
1222,,2025-04-13T00:31:22.474,effect,CARD_PLAY,75,1,buy,Copper,,1
1223,,2025-04-13T00:31:22.474,effect,CARD_PLAY,75,1,buy,Copper,,1
1224,,2025-04-13T00:31:22.475,effect,CARD_BUY,75,1,buy,Smithy,,1
1225,,2025-04-13T00:31:22.475,phase,PHASE_END,75,1,buy,,,
1226,,2025-04-13T00:31:22.476,phase,PHASE_START,75,1,cleanup,,,
1227,,2025-04-13T00:31:22.476,phase,PHASE_END,75,1,cleanup,,,
1228,,2025-04-13T00:31:22.477,turn,TURN_END,75,1,,,,
1229,,2025-04-13T00:31:22.477,turn,TURN_START,76,2,,,,
1230,,2025-04-13T00:31:22.478,phase,PHASE_START,76,2,start,,,
1231,,2025-04-13T00:31:22.478,phase,PHASE_END,76,2,start,,,
1232,,2025-04-13T00:31:22.479,phase,PHASE_START,76,2,action,,,
1233,,2025-04-13T00:31:22.479,phase,PHASE_END,76,2,action,,,
1234,,2025-04-13T00:31:22.48,phase,PHASE_START,76,2,buy,,,
1235,,2025-04-13T00:31:22.481,effect,CARD_PLAY,76,2,buy,Copper,,1
1236,,2025-04-13T00:31:22.481,effect,CARD_PLAY,76,2,buy,Copper,,1
1237,,2025-04-13T00:31:22.482,effect,CARD_PLAY,76,2,buy,Copper,,1
1238,,2025-04-13T00:31:22.482,effect,CARD_PLAY,76,2,buy,Copper,,1
1239,,2025-04-13T00:31:22.483,effect,CARD_PLAY,76,2,buy,Copper,,1
1240,,2025-04-13T00:31:22.483,effect,CARD_BUY,76,2,buy,Smithy,,1
1241,,2025-04-13T00:31:22.484,phase,PHASE_END,76,2,buy,,,
1242,,2025-04-13T00:31:22.484,phase,PHASE_START,76,2,cleanup,,,
1243,,2025-04-13T00:31:22.485,phase,PHASE_END,76,2,cleanup,,,
1244,,2025-04-13T00:31:22.485,turn,TURN_END,76,2,,,,
1245,,2025-04-13T00:31:22.486,turn,TURN_START,77,3,,,,
1246,,2025-04-13T00:31:22.486,phase,PHASE_START,77,3,start,,,
1247,,2025-04-13T00:31:22.487,phase,PHASE_END,77,3,start,,,
1248,,2025-04-13T00:31:22.487,phase,PHASE_START,77,3,action,,,
1249,,2025-04-13T00:31:22.487,phase,PHASE_END,77,3,action,,,
1250,,2025-04-13T00:31:22.488,phase,PHASE_START,77,3,buy,,,
1251,,2025-04-13T00:31:22.488,effect,CARD_PLAY,77,3,buy,Copper,,1
1252,,2025-04-13T00:31:22.489,effect,CARD_PLAY,77,3,buy,Copper,,1
1253,,2025-04-13T00:31:22.489,effect,CARD_PLAY,77,3,buy,Copper,,1
1254,,2025-04-13T00:31:22.49,effect,CARD_PLAY,77,3,buy,Copper,,1
1255,,2025-04-13T00:31:22.49,effect,CARD_PLAY,77,3,buy,Copper,,1
1256,,2025-04-13T00:31:22.491,effect,CARD_BUY,77,3,buy,Smithy,,1
1257,,2025-04-13T00:31:22.491,phase,PHASE_END,77,3,buy,,,
1258,,2025-04-13T00:31:22.492,phase,PHASE_START,77,3,cleanup,,,
1259,,2025-04-13T00:31:22.492,phase,PHASE_END,77,3,cleanup,,,
1260,,2025-04-13T00:31:22.493,turn,TURN_END,77,3,,,,
1261,,2025-04-13T00:31:22.493,turn,TURN_START,78,4,,,,
1262,,2025-04-13T00:31:22.494,phase,PHASE_START,78,4,start,,,
1263,,2025-04-13T00:31:22.494,phase,PHASE_END,78,4,start,,,
1264,,2025-04-13T00:31:22.495,phase,PHASE_START,78,4,action,,,
1265,,2025-04-13T00:31:22.495,effect,CARD_PLAY,78,4,action,Laboratory,,1
1266,,2025-04-13T00:31:22.496,effect,CARD_PLAY,78,4,action,Laboratory,,1
1267,,2025-04-13T00:31:22.541,effect,CARD_PLAY,78,4,action,Smithy,,1
1268,,2025-04-13T00:31:22.541,phase,PHASE_END,78,4,action,,,
1269,,2025-04-13T00:31:22.542,phase,PHASE_START,78,4,buy,,,
1270,,2025-04-13T00:31:22.542,effect,CARD_PLAY,78,4,buy,Copper,,1
1271,,2025-04-13T00:31:22.543,effect,CARD_PLAY,78,4,buy,Copper,,1
1272,,2025-04-13T00:31:22.543,effect,CARD_PLAY,78,4,buy,Copper,,1
1273,,2025-04-13T00:31:22.543,effect,CARD_PLAY,78,4,buy,Copper,,1
1274,,2025-04-13T00:31:22.544,effect,CARD_PLAY,78,4,buy,Copper,,1
1275,,2025-04-13T00:31:22.544,effect,CARD_PLAY,78,4,buy,Copper,,1
1276,,2025-04-13T00:31:22.545,effect,CARD_PLAY,78,4,buy,Copper,,1
1277,,2025-04-13T00:31:22.546,effect,CARD_BUY,78,4,buy,Smithy,,1
1278,,2025-04-13T00:31:22.546,phase,PHASE_END,78,4,buy,,,
1279,,2025-04-13T00:31:22.547,phase,PHASE_START,78,4,cleanup,,,
1280,,2025-04-13T00:31:22.547,phase,PHASE_END,78,4,cleanup,,,
1281,,2025-04-13T00:31:22.548,turn,TURN_END,78,4,,,,
1282,,2025-04-13T00:31:22.548,turn,TURN_START,79,1,,,,
1283,,2025-04-13T00:31:22.549,phase,PHASE_START,79,1,start,,,
1284,,2025-04-13T00:31:22.549,phase,PHASE_END,79,1,start,,,
1285,,2025-04-13T00:31:22.55,phase,PHASE_START,79,1,action,,,
1286,,2025-04-13T00:31:22.551,phase,PHASE_END,79,1,action,,,
1287,,2025-04-13T00:31:22.551,phase,PHASE_START,79,1,buy,,,
1288,,2025-04-13T00:31:22.552,effect,CARD_PLAY,79,1,buy,Copper,,1
1289,,2025-04-13T00:31:22.552,effect,CARD_PLAY,79,1,buy,Copper,,1
1290,,2025-04-13T00:31:22.553,effect,CARD_PLAY,79,1,buy,Copper,,1
1291,,2025-04-13T00:31:22.554,effect,CARD_PLAY,79,1,buy,Copper,,1
1292,,2025-04-13T00:31:22.554,effect,CARD_BUY,79,1,buy,Smithy,,1
1293,,2025-04-13T00:31:22.555,phase,PHASE_END,79,1,buy,,,
1294,,2025-04-13T00:31:22.555,phase,PHASE_START,79,1,cleanup,,,
1295,,2025-04-13T00:31:22.556,phase,PHASE_END,79,1,cleanup,,,
1296,,2025-04-13T00:31:22.556,turn,TURN_END,79,1,,,,
1297,a054ac1c-88bc-486d-a355-c53ee065e379,2025-04-13T00:31:22.557,game,GAME_END,,,,,,
